development_area,variant,plan,target,gt_status,pred_status,outcome
A,dxf_evidence_decision,PLAN1,road.width,NOT_APPLICABLE,INSUFFICIENT_DATA,SPURIOUS_APPLICABILITY_INSUFFICIENT_DATA
A,dxf_evidence_decision,PLAN1,plot.depth,NOT_APPLICABLE,INSUFFICIENT_DATA,SPURIOUS_APPLICABILITY_INSUFFICIENT_DATA
A,dxf_evidence_decision,PLAN1,plot.width,NOT_APPLICABLE,INSUFFICIENT_DATA,SPURIOUS_APPLICABILITY_INSUFFICIENT_DATA
A,dxf_evidence_decision,PLAN1,setbacks.front,FAIL,INSUFFICIENT_DATA,ABSTAIN_INSUFFICIENT_DATA
A,dxf_evidence_decision,PLAN1,setbacks.left,FAIL,REQUIRES_REVIEW,ABSTAIN_REQUIRES_REVIEW
A,dxf_evidence_decision,PLAN1,setbacks.rear,FAIL,REQUIRES_REVIEW,ABSTAIN_REQUIRES_REVIEW
A,dxf_evidence_decision,PLAN1,setbacks.right,FAIL,REQUIRES_REVIEW,ABSTAIN_REQUIRES_REVIEW
A,dxf_evidence_decision,PLAN1,coverage,FAIL,REQUIRES_REVIEW,ABSTAIN_REQUIRES_REVIEW
A,dxf_evidence_decision,PLAN1,far,FAIL,REQUIRES_REVIEW,ABSTAIN_REQUIRES_REVIEW
A,dxf_evidence_decision,PLAN2,road.width,NOT_APPLICABLE,INSUFFICIENT_DATA,SPURIOUS_APPLICABILITY_INSUFFICIENT_DATA
A,dxf_evidence_decision,PLAN2,plot.depth,NOT_APPLICABLE,INSUFFICIENT_DATA,SPURIOUS_APPLICABILITY_INSUFFICIENT_DATA
A,dxf_evidence_decision,PLAN2,plot.width,NOT_APPLICABLE,INSUFFICIENT_DATA,SPURIOUS_APPLICABILITY_INSUFFICIENT_DATA
A,dxf_evidence_decision,PLAN2,setbacks.front,FAIL,INSUFFICIENT_DATA,ABSTAIN_INSUFFICIENT_DATA
A,dxf_evidence_decision,PLAN2,setbacks.left,FAIL,REQUIRES_REVIEW,ABSTAIN_REQUIRES_REVIEW
A,dxf_evidence_decision,PLAN2,setbacks.rear,FAIL,REQUIRES_REVIEW,ABSTAIN_REQUIRES_REVIEW
A,dxf_evidence_decision,PLAN2,setbacks.right,FAIL,REQUIRES_REVIEW,ABSTAIN_REQUIRES_REVIEW
A,dxf_evidence_decision,PLAN2,coverage,FAIL,REQUIRES_REVIEW,ABSTAIN_REQUIRES_REVIEW
A,dxf_evidence_decision,PLAN2,far,FAIL,REQUIRES_REVIEW,ABSTAIN_REQUIRES_REVIEW
A,dxf_evidence_decision,PLAN4,road.width,FAIL,INSUFFICIENT_DATA,ABSTAIN_INSUFFICIENT_DATA
A,dxf_evidence_decision,PLAN4,plot.depth,FAIL,INSUFFICIENT_DATA,ABSTAIN_INSUFFICIENT_DATA
A,dxf_evidence_decision,PLAN4,plot.width,FAIL,INSUFFICIENT_DATA,ABSTAIN_INSUFFICIENT_DATA
A,dxf_evidence_decision,PLAN4,setbacks.front,FAIL,INSUFFICIENT_DATA,ABSTAIN_INSUFFICIENT_DATA
A,dxf_evidence_decision,PLAN4,setbacks.left,PASS,INSUFFICIENT_DATA,ABSTAIN_INSUFFICIENT_DATA
A,dxf_evidence_decision,PLAN4,setbacks.rear,FAIL,INSUFFICIENT_DATA,ABSTAIN_INSUFFICIENT_DATA
A,dxf_evidence_decision,PLAN4,setbacks.right,FAIL,INSUFFICIENT_DATA,ABSTAIN_INSUFFICIENT_DATA
A,dxf_evidence_decision,PLAN4,coverage,FAIL,INSUFFICIENT_DATA,ABSTAIN_INSUFFICIENT_DATA
A,dxf_evidence_decision,PLAN4,far,INSUFFICIENT_DATA,INSUFFICIENT_DATA,GT_UNDECIDABLE
A,dxf_evidence_decision,PLAN5,road.width,NOT_APPLICABLE,INSUFFICIENT_DATA,SPURIOUS_APPLICABILITY_INSUFFICIENT_DATA
A,dxf_evidence_decision,PLAN5,plot.depth,NOT_APPLICABLE,INSUFFICIENT_DATA,SPURIOUS_APPLICABILITY_INSUFFICIENT_DATA
A,dxf_evidence_decision,PLAN5,plot.width,NOT_APPLICABLE,INSUFFICIENT_DATA,SPURIOUS_APPLICABILITY_INSUFFICIENT_DATA
A,dxf_evidence_decision,PLAN5,setbacks.front,INSUFFICIENT_DATA,INSUFFICIENT_DATA,GT_UNDECIDABLE
A,dxf_evidence_decision,PLAN5,setbacks.left,FAIL,NOT_APPLICABLE,APPLICABILITY_FLIP
A,dxf_evidence_decision,PLAN5,setbacks.rear,PASS,NOT_APPLICABLE,APPLICABILITY_FLIP
A,dxf_evidence_decision,PLAN5,setbacks.right,FAIL,INSUFFICIENT_DATA,ABSTAIN_INSUFFICIENT_DATA
A,dxf_evidence_decision,PLAN5,coverage,PASS,INSUFFICIENT_DATA,ABSTAIN_INSUFFICIENT_DATA
A,dxf_evidence_decision,PLAN5,far,INSUFFICIENT_DATA,INSUFFICIENT_DATA,GT_UNDECIDABLE
A,dxf_evidence_decision,PLAN6,road.width,NOT_APPLICABLE,INSUFFICIENT_DATA,SPURIOUS_APPLICABILITY_INSUFFICIENT_DATA
A,dxf_evidence_decision,PLAN6,plot.depth,NOT_APPLICABLE,INSUFFICIENT_DATA,SPURIOUS_APPLICABILITY_INSUFFICIENT_DATA
A,dxf_evidence_decision,PLAN6,plot.width,NOT_APPLICABLE,INSUFFICIENT_DATA,SPURIOUS_APPLICABILITY_INSUFFICIENT_DATA
A,dxf_evidence_decision,PLAN6,setbacks.front,INSUFFICIENT_DATA,INSUFFICIENT_DATA,GT_UNDECIDABLE
A,dxf_evidence_decision,PLAN6,setbacks.left,INSUFFICIENT_DATA,INSUFFICIENT_DATA,GT_UNDECIDABLE
A,dxf_evidence_decision,PLAN6,setbacks.rear,INSUFFICIENT_DATA,INSUFFICIENT_DATA,GT_UNDECIDABLE
A,dxf_evidence_decision,PLAN6,setbacks.right,INSUFFICIENT_DATA,INSUFFICIENT_DATA,GT_UNDECIDABLE
A,dxf_evidence_decision,PLAN6,coverage,FAIL,INSUFFICIENT_DATA,ABSTAIN_INSUFFICIENT_DATA
A,dxf_evidence_decision,PLAN6,far,FAIL,INSUFFICIENT_DATA,ABSTAIN_INSUFFICIENT_DATA
A,dxf_evidence_decision,PLAN7,road.width,NOT_APPLICABLE,INSUFFICIENT_DATA,SPURIOUS_APPLICABILITY_INSUFFICIENT_DATA
A,dxf_evidence_decision,PLAN7,plot.depth,NOT_APPLICABLE,INSUFFICIENT_DATA,SPURIOUS_APPLICABILITY_INSUFFICIENT_DATA
A,dxf_evidence_decision,PLAN7,plot.width,NOT_APPLICABLE,INSUFFICIENT_DATA,SPURIOUS_APPLICABILITY_INSUFFICIENT_DATA
A,dxf_evidence_decision,PLAN7,setbacks.front,INSUFFICIENT_DATA,INSUFFICIENT_DATA,GT_UNDECIDABLE
A,dxf_evidence_decision,PLAN7,setbacks.left,INSUFFICIENT_DATA,INSUFFICIENT_DATA,GT_UNDECIDABLE
A,dxf_evidence_decision,PLAN7,setbacks.rear,INSUFFICIENT_DATA,INSUFFICIENT_DATA,GT_UNDECIDABLE
A,dxf_evidence_decision,PLAN7,setbacks.right,INSUFFICIENT_DATA,INSUFFICIENT_DATA,GT_UNDECIDABLE
A,dxf_evidence_decision,PLAN7,coverage,INSUFFICIENT_DATA,INSUFFICIENT_DATA,GT_UNDECIDABLE
A,dxf_evidence_decision,PLAN7,far,INSUFFICIENT_DATA,INSUFFICIENT_DATA,GT_UNDECIDABLE
A,dxf_evidence_decision,PLAN8,road.width,NOT_APPLICABLE,INSUFFICIENT_DATA,SPURIOUS_APPLICABILITY_INSUFFICIENT_DATA
A,dxf_evidence_decision,PLAN8,plot.depth,NOT_APPLICABLE,INSUFFICIENT_DATA,SPURIOUS_APPLICABILITY_INSUFFICIENT_DATA
A,dxf_evidence_decision,PLAN8,plot.width,NOT_APPLICABLE,INSUFFICIENT_DATA,SPURIOUS_APPLICABILITY_INSUFFICIENT_DATA
A,dxf_evidence_decision,PLAN8,setbacks.front,INSUFFICIENT_DATA,INSUFFICIENT_DATA,GT_UNDECIDABLE
A,dxf_evidence_decision,PLAN8,setbacks.left,INSUFFICIENT_DATA,REQUIRES_REVIEW,GT_UNDECIDABLE
A,dxf_evidence_decision,PLAN8,setbacks.rear,INSUFFICIENT_DATA,REQUIRES_REVIEW,GT_UNDECIDABLE
A,dxf_evidence_decision,PLAN8,setbacks.right,INSUFFICIENT_DATA,REQUIRES_REVIEW,GT_UNDECIDABLE
A,dxf_evidence_decision,PLAN8,coverage,INSUFFICIENT_DATA,PASS,GT_UNDECIDABLE
A,dxf_evidence_decision,PLAN8,far,INSUFFICIENT_DATA,FAIL,GT_UNDECIDABLE
A,dxf_evidence_decision,PLAN9,road.width,NOT_APPLICABLE,INSUFFICIENT_DATA,SPURIOUS_APPLICABILITY_INSUFFICIENT_DATA
A,dxf_evidence_decision,PLAN9,plot.depth,NOT_APPLICABLE,INSUFFICIENT_DATA,SPURIOUS_APPLICABILITY_INSUFFICIENT_DATA
A,dxf_evidence_decision,PLAN9,plot.width,NOT_APPLICABLE,INSUFFICIENT_DATA,SPURIOUS_APPLICABILITY_INSUFFICIENT_DATA
A,dxf_evidence_decision,PLAN9,setbacks.front,FAIL,INSUFFICIENT_DATA,ABSTAIN_INSUFFICIENT_DATA
A,dxf_evidence_decision,PLAN9,setbacks.left,FAIL,INSUFFICIENT_DATA,ABSTAIN_INSUFFICIENT_DATA
A,dxf_evidence_decision,PLAN9,setbacks.rear,PASS,INSUFFICIENT_DATA,ABSTAIN_INSUFFICIENT_DATA
A,dxf_evidence_decision,PLAN9,setbacks.right,FAIL,INSUFFICIENT_DATA,ABSTAIN_INSUFFICIENT_DATA
A,dxf_evidence_decision,PLAN9,coverage,PASS,INSUFFICIENT_DATA,ABSTAIN_INSUFFICIENT_DATA
A,dxf_evidence_decision,PLAN9,far,INSUFFICIENT_DATA,INSUFFICIENT_DATA,GT_UNDECIDABLE
A,dxf_hybrid,PLAN1,road.width,NOT_APPLICABLE,INSUFFICIENT_DATA,SPURIOUS_APPLICABILITY_INSUFFICIENT_DATA
A,dxf_hybrid,PLAN1,plot.depth,NOT_APPLICABLE,INSUFFICIENT_DATA,SPURIOUS_APPLICABILITY_INSUFFICIENT_DATA
A,dxf_hybrid,PLAN1,plot.width,NOT_APPLICABLE,INSUFFICIENT_DATA,SPURIOUS_APPLICABILITY_INSUFFICIENT_DATA
A,dxf_hybrid,PLAN1,setbacks.front,FAIL,INSUFFICIENT_DATA,ABSTAIN_INSUFFICIENT_DATA
A,dxf_hybrid,PLAN1,setbacks.left,FAIL,REQUIRES_REVIEW,ABSTAIN_REQUIRES_REVIEW
A,dxf_hybrid,PLAN1,setbacks.rear,FAIL,REQUIRES_REVIEW,ABSTAIN_REQUIRES_REVIEW
A,dxf_hybrid,PLAN1,setbacks.right,FAIL,REQUIRES_REVIEW,ABSTAIN_REQUIRES_REVIEW
A,dxf_hybrid,PLAN1,coverage,FAIL,REQUIRES_REVIEW,ABSTAIN_REQUIRES_REVIEW
A,dxf_hybrid,PLAN1,far,FAIL,REQUIRES_REVIEW,ABSTAIN_REQUIRES_REVIEW
A,dxf_hybrid,PLAN2,road.width,NOT_APPLICABLE,INSUFFICIENT_DATA,SPURIOUS_APPLICABILITY_INSUFFICIENT_DATA
A,dxf_hybrid,PLAN2,plot.depth,NOT_APPLICABLE,INSUFFICIENT_DATA,SPURIOUS_APPLICABILITY_INSUFFICIENT_DATA
A,dxf_hybrid,PLAN2,plot.width,NOT_APPLICABLE,INSUFFICIENT_DATA,SPURIOUS_APPLICABILITY_INSUFFICIENT_DATA
A,dxf_hybrid,PLAN2,setbacks.front,FAIL,INSUFFICIENT_DATA,ABSTAIN_INSUFFICIENT_DATA
A,dxf_hybrid,PLAN2,setbacks.left,FAIL,REQUIRES_REVIEW,ABSTAIN_REQUIRES_REVIEW
A,dxf_hybrid,PLAN2,setbacks.rear,FAIL,REQUIRES_REVIEW,ABSTAIN_REQUIRES_REVIEW
A,dxf_hybrid,PLAN2,setbacks.right,FAIL,REQUIRES_REVIEW,ABSTAIN_REQUIRES_REVIEW
A,dxf_hybrid,PLAN2,coverage,FAIL,REQUIRES_REVIEW,ABSTAIN_REQUIRES_REVIEW
A,dxf_hybrid,PLAN2,far,FAIL,REQUIRES_REVIEW,ABSTAIN_REQUIRES_REVIEW
A,dxf_hybrid,PLAN4,road.width,FAIL,INSUFFICIENT_DATA,ABSTAIN_INSUFFICIENT_DATA
A,dxf_hybrid,PLAN4,plot.depth,FAIL,INSUFFICIENT_DATA,ABSTAIN_INSUFFICIENT_DATA
A,dxf_hybrid,PLAN4,plot.width,FAIL,INSUFFICIENT_DATA,ABSTAIN_INSUFFICIENT_DATA
A,dxf_hybrid,PLAN4,setbacks.front,FAIL,INSUFFICIENT_DATA,ABSTAIN_INSUFFICIENT_DATA
A,dxf_hybrid,PLAN4,setbacks.left,PASS,NOT_APPLICABLE,APPLICABILITY_FLIP
A,dxf_hybrid,PLAN4,setbacks.rear,FAIL,INSUFFICIENT_DATA,ABSTAIN_INSUFFICIENT_DATA
A,dxf_hybrid,PLAN4,setbacks.right,FAIL,INSUFFICIENT_DATA,ABSTAIN_INSUFFICIENT_DATA
A,dxf_hybrid,PLAN4,coverage,FAIL,INSUFFICIENT_DATA,ABSTAIN_INSUFFICIENT_DATA
A,dxf_hybrid,PLAN4,far,INSUFFICIENT_DATA,INSUFFICIENT_DATA,GT_UNDECIDABLE
A,dxf_hybrid,PLAN5,road.width,NOT_APPLICABLE,INSUFFICIENT_DATA,SPURIOUS_APPLICABILITY_INSUFFICIENT_DATA
A,dxf_hybrid,PLAN5,plot.depth,NOT_APPLICABLE,INSUFFICIENT_DATA,SPURIOUS_APPLICABILITY_INSUFFICIENT_DATA
A,dxf_hybrid,PLAN5,plot.width,NOT_APPLICABLE,INSUFFICIENT_DATA,SPURIOUS_APPLICABILITY_INSUFFICIENT_DATA
A,dxf_hybrid,PLAN5,setbacks.front,INSUFFICIENT_DATA,INSUFFICIENT_DATA,GT_UNDECIDABLE
A,dxf_hybrid,PLAN5,setbacks.left,FAIL,NOT_APPLICABLE,APPLICABILITY_FLIP
A,dxf_hybrid,PLAN5,setbacks.rear,PASS,NOT_APPLICABLE,APPLICABILITY_FLIP
A,dxf_hybrid,PLAN5,setbacks.right,FAIL,INSUFFICIENT_DATA,ABSTAIN_INSUFFICIENT_DATA
A,dxf_hybrid,PLAN5,coverage,PASS,INSUFFICIENT_DATA,ABSTAIN_INSUFFICIENT_DATA
A,dxf_hybrid,PLAN5,far,INSUFFICIENT_DATA,INSUFFICIENT_DATA,GT_UNDECIDABLE
A,dxf_hybrid,PLAN6,road.width,NOT_APPLICABLE,INSUFFICIENT_DATA,SPURIOUS_APPLICABILITY_INSUFFICIENT_DATA
A,dxf_hybrid,PLAN6,plot.depth,NOT_APPLICABLE,INSUFFICIENT_DATA,SPURIOUS_APPLICABILITY_INSUFFICIENT_DATA
A,dxf_hybrid,PLAN6,plot.width,NOT_APPLICABLE,INSUFFICIENT_DATA,SPURIOUS_APPLICABILITY_INSUFFICIENT_DATA
A,dxf_hybrid,PLAN6,setbacks.front,INSUFFICIENT_DATA,INSUFFICIENT_DATA,GT_UNDECIDABLE
A,dxf_hybrid,PLAN6,setbacks.left,INSUFFICIENT_DATA,INSUFFICIENT_DATA,GT_UNDECIDABLE
A,dxf_hybrid,PLAN6,setbacks.rear,INSUFFICIENT_DATA,NOT_APPLICABLE,GT_UNDECIDABLE
A,dxf_hybrid,PLAN6,setbacks.right,INSUFFICIENT_DATA,REQUIRES_REVIEW,GT_UNDECIDABLE
A,dxf_hybrid,PLAN6,coverage,FAIL,REQUIRES_REVIEW,ABSTAIN_REQUIRES_REVIEW
A,dxf_hybrid,PLAN6,far,FAIL,REQUIRES_REVIEW,ABSTAIN_REQUIRES_REVIEW
A,dxf_hybrid,PLAN7,road.width,NOT_APPLICABLE,INSUFFICIENT_DATA,SPURIOUS_APPLICABILITY_INSUFFICIENT_DATA
A,dxf_hybrid,PLAN7,plot.depth,NOT_APPLICABLE,INSUFFICIENT_DATA,SPURIOUS_APPLICABILITY_INSUFFICIENT_DATA
A,dxf_hybrid,PLAN7,plot.width,NOT_APPLICABLE,INSUFFICIENT_DATA,SPURIOUS_APPLICABILITY_INSUFFICIENT_DATA
A,dxf_hybrid,PLAN7,setbacks.front,INSUFFICIENT_DATA,INSUFFICIENT_DATA,GT_UNDECIDABLE
A,dxf_hybrid,PLAN7,setbacks.left,INSUFFICIENT_DATA,INSUFFICIENT_DATA,GT_UNDECIDABLE
A,dxf_hybrid,PLAN7,setbacks.rear,INSUFFICIENT_DATA,INSUFFICIENT_DATA,GT_UNDECIDABLE
A,dxf_hybrid,PLAN7,setbacks.right,INSUFFICIENT_DATA,INSUFFICIENT_DATA,GT_UNDECIDABLE
A,dxf_hybrid,PLAN7,coverage,INSUFFICIENT_DATA,INSUFFICIENT_DATA,GT_UNDECIDABLE
A,dxf_hybrid,PLAN7,far,INSUFFICIENT_DATA,INSUFFICIENT_DATA,GT_UNDECIDABLE
A,dxf_hybrid,PLAN8,road.width,NOT_APPLICABLE,INSUFFICIENT_DATA,SPURIOUS_APPLICABILITY_INSUFFICIENT_DATA
A,dxf_hybrid,PLAN8,plot.depth,NOT_APPLICABLE,INSUFFICIENT_DATA,SPURIOUS_APPLICABILITY_INSUFFICIENT_DATA
A,dxf_hybrid,PLAN8,plot.width,NOT_APPLICABLE,INSUFFICIENT_DATA,SPURIOUS_APPLICABILITY_INSUFFICIENT_DATA
A,dxf_hybrid,PLAN8,setbacks.front,INSUFFICIENT_DATA,INSUFFICIENT_DATA,GT_UNDECIDABLE
A,dxf_hybrid,PLAN8,setbacks.left,INSUFFICIENT_DATA,REQUIRES_REVIEW,GT_UNDECIDABLE
A,dxf_hybrid,PLAN8,setbacks.rear,INSUFFICIENT_DATA,REQUIRES_REVIEW,GT_UNDECIDABLE
A,dxf_hybrid,PLAN8,setbacks.right,INSUFFICIENT_DATA,REQUIRES_REVIEW,GT_UNDECIDABLE
A,dxf_hybrid,PLAN8,coverage,INSUFFICIENT_DATA,PASS,GT_UNDECIDABLE
A,dxf_hybrid,PLAN8,far,INSUFFICIENT_DATA,FAIL,GT_UNDECIDABLE
A,dxf_hybrid,PLAN9,road.width,NOT_APPLICABLE,INSUFFICIENT_DATA,SPURIOUS_APPLICABILITY_INSUFFICIENT_DATA
A,dxf_hybrid,PLAN9,plot.depth,NOT_APPLICABLE,INSUFFICIENT_DATA,SPURIOUS_APPLICABILITY_INSUFFICIENT_DATA
A,dxf_hybrid,PLAN9,plot.width,NOT_APPLICABLE,INSUFFICIENT_DATA,SPURIOUS_APPLICABILITY_INSUFFICIENT_DATA
A,dxf_hybrid,PLAN9,setbacks.front,FAIL,INSUFFICIENT_DATA,ABSTAIN_INSUFFICIENT_DATA
A,dxf_hybrid,PLAN9,setbacks.left,FAIL,REQUIRES_REVIEW,ABSTAIN_REQUIRES_REVIEW
A,dxf_hybrid,PLAN9,setbacks.rear,PASS,REQUIRES_REVIEW,ABSTAIN_REQUIRES_REVIEW
A,dxf_hybrid,PLAN9,setbacks.right,FAIL,REQUIRES_REVIEW,ABSTAIN_REQUIRES_REVIEW
A,dxf_hybrid,PLAN9,coverage,PASS,REQUIRES_REVIEW,ABSTAIN_REQUIRES_REVIEW
A,dxf_hybrid,PLAN9,far,INSUFFICIENT_DATA,REQUIRES_REVIEW,GT_UNDECIDABLE
A,pdf_evidence_decision,PLAN1,setbacks.front,FAIL,FAIL,CORRECT_DECISION
A,pdf_evidence_decision,PLAN1,setbacks.left,FAIL,FAIL,CORRECT_DECISION
A,pdf_evidence_decision,PLAN1,setbacks.rear,FAIL,REQUIRES_REVIEW,ABSTAIN_REQUIRES_REVIEW
A,pdf_evidence_decision,PLAN1,setbacks.right,FAIL,FAIL,CORRECT_DECISION
A,pdf_evidence_decision,PLAN1,coverage,FAIL,FAIL,CORRECT_DECISION
A,pdf_evidence_decision,PLAN1,far,FAIL,FAIL,CORRECT_DECISION
A,pdf_evidence_decision,PLAN2,setbacks.front,FAIL,FAIL,CORRECT_DECISION
A,pdf_evidence_decision,PLAN2,setbacks.left,FAIL,FAIL,CORRECT_DECISION
A,pdf_evidence_decision,PLAN2,setbacks.rear,FAIL,FAIL,CORRECT_DECISION
A,pdf_evidence_decision,PLAN2,setbacks.right,FAIL,FAIL,CORRECT_DECISION
A,pdf_evidence_decision,PLAN2,coverage,FAIL,FAIL,CORRECT_DECISION
A,pdf_evidence_decision,PLAN2,far,FAIL,FAIL,CORRECT_DECISION
A,pdf_evidence_decision,PLAN4,road.width,FAIL,FAIL,CORRECT_DECISION
A,pdf_evidence_decision,PLAN4,plot.depth,FAIL,FAIL,CORRECT_DECISION
A,pdf_evidence_decision,PLAN4,plot.width,FAIL,FAIL,CORRECT_DECISION
A,pdf_evidence_decision,PLAN4,setbacks.front,FAIL,INSUFFICIENT_DATA,ABSTAIN_INSUFFICIENT_DATA
A,pdf_evidence_decision,PLAN4,setbacks.left,PASS,REQUIRES_REVIEW,ABSTAIN_REQUIRES_REVIEW
A,pdf_evidence_decision,PLAN4,setbacks.rear,FAIL,REQUIRES_REVIEW,ABSTAIN_REQUIRES_REVIEW
A,pdf_evidence_decision,PLAN4,setbacks.right,FAIL,REQUIRES_REVIEW,ABSTAIN_REQUIRES_REVIEW
A,pdf_evidence_decision,PLAN4,coverage,FAIL,FAIL,CORRECT_DECISION
A,pdf_evidence_decision,PLAN4,far,INSUFFICIENT_DATA,REQUIRES_REVIEW,GT_UNDECIDABLE
A,pdf_evidence_decision,PLAN5,setbacks.front,INSUFFICIENT_DATA,INSUFFICIENT_DATA,GT_UNDECIDABLE
A,pdf_evidence_decision,PLAN5,setbacks.left,FAIL,REQUIRES_REVIEW,ABSTAIN_REQUIRES_REVIEW
A,pdf_evidence_decision,PLAN5,setbacks.rear,PASS,REQUIRES_REVIEW,ABSTAIN_REQUIRES_REVIEW
A,pdf_evidence_decision,PLAN5,setbacks.right,FAIL,REQUIRES_REVIEW,ABSTAIN_REQUIRES_REVIEW
A,pdf_evidence_decision,PLAN5,coverage,PASS,PASS,CORRECT_DECISION
A,pdf_evidence_decision,PLAN5,far,INSUFFICIENT_DATA,FAIL,GT_UNDECIDABLE
A,pdf_evidence_decision,PLAN6,setbacks.front,INSUFFICIENT_DATA,INSUFFICIENT_DATA,GT_UNDECIDABLE
A,pdf_evidence_decision,PLAN6,setbacks.left,INSUFFICIENT_DATA,REQUIRES_REVIEW,GT_UNDECIDABLE
A,pdf_evidence_decision,PLAN6,setbacks.rear,INSUFFICIENT_DATA,REQUIRES_REVIEW,GT_UNDECIDABLE
A,pdf_evidence_decision,PLAN6,setbacks.right,INSUFFICIENT_DATA,REQUIRES_REVIEW,GT_UNDECIDABLE
A,pdf_evidence_decision,PLAN6,coverage,FAIL,FAIL,CORRECT_DECISION
A,pdf_evidence_decision,PLAN6,far,FAIL,FAIL,CORRECT_DECISION
A,pdf_evidence_decision,PLAN7,road.width,NOT_APPLICABLE,INSUFFICIENT_DATA,SPURIOUS_APPLICABILITY_INSUFFICIENT_DATA
A,pdf_evidence_decision,PLAN7,plot.depth,NOT_APPLICABLE,INSUFFICIENT_DATA,SPURIOUS_APPLICABILITY_INSUFFICIENT_DATA
A,pdf_evidence_decision,PLAN7,plot.width,NOT_APPLICABLE,INSUFFICIENT_DATA,SPURIOUS_APPLICABILITY_INSUFFICIENT_DATA
A,pdf_evidence_decision,PLAN7,setbacks.front,INSUFFICIENT_DATA,INSUFFICIENT_DATA,GT_UNDECIDABLE
A,pdf_evidence_decision,PLAN7,setbacks.left,INSUFFICIENT_DATA,INSUFFICIENT_DATA,GT_UNDECIDABLE
A,pdf_evidence_decision,PLAN7,setbacks.rear,INSUFFICIENT_DATA,INSUFFICIENT_DATA,GT_UNDECIDABLE
A,pdf_evidence_decision,PLAN7,setbacks.right,INSUFFICIENT_DATA,INSUFFICIENT_DATA,GT_UNDECIDABLE
A,pdf_evidence_decision,PLAN7,coverage,INSUFFICIENT_DATA,INSUFFICIENT_DATA,GT_UNDECIDABLE
A,pdf_evidence_decision,PLAN7,far,INSUFFICIENT_DATA,INSUFFICIENT_DATA,GT_UNDECIDABLE
A,pdf_evidence_decision,PLAN8,setbacks.front,INSUFFICIENT_DATA,INSUFFICIENT_DATA,GT_UNDECIDABLE
A,pdf_evidence_decision,PLAN8,setbacks.left,INSUFFICIENT_DATA,REQUIRES_REVIEW,GT_UNDECIDABLE
A,pdf_evidence_decision,PLAN8,setbacks.rear,INSUFFICIENT_DATA,REQUIRES_REVIEW,GT_UNDECIDABLE
A,pdf_evidence_decision,PLAN8,setbacks.right,INSUFFICIENT_DATA,REQUIRES_REVIEW,GT_UNDECIDABLE
A,pdf_evidence_decision,PLAN8,coverage,INSUFFICIENT_DATA,PASS,GT_UNDECIDABLE
A,pdf_evidence_decision,PLAN8,far,INSUFFICIENT_DATA,FAIL,GT_UNDECIDABLE
A,pdf_evidence_decision,PLAN9,road.width,NOT_APPLICABLE,INSUFFICIENT_DATA,SPURIOUS_APPLICABILITY_INSUFFICIENT_DATA
A,pdf_evidence_decision,PLAN9,plot.depth,NOT_APPLICABLE,INSUFFICIENT_DATA,SPURIOUS_APPLICABILITY_INSUFFICIENT_DATA
A,pdf_evidence_decision,PLAN9,plot.width,NOT_APPLICABLE,INSUFFICIENT_DATA,SPURIOUS_APPLICABILITY_INSUFFICIENT_DATA
A,pdf_evidence_decision,PLAN9,setbacks.front,FAIL,INSUFFICIENT_DATA,ABSTAIN_INSUFFICIENT_DATA
A,pdf_evidence_decision,PLAN9,setbacks.left,FAIL,FAIL,CORRECT_DECISION
A,pdf_evidence_decision,PLAN9,setbacks.rear,PASS,REQUIRES_REVIEW,ABSTAIN_REQUIRES_REVIEW
A,pdf_evidence_decision,PLAN9,setbacks.right,FAIL,FAIL,CORRECT_DECISION
A,pdf_evidence_decision,PLAN9,coverage,PASS,PASS,CORRECT_DECISION
A,pdf_evidence_decision,PLAN9,far,INSUFFICIENT_DATA,REQUIRES_REVIEW,GT_UNDECIDABLE
A,pdf_hybrid,PLAN1,setbacks.front,FAIL,FAIL,CORRECT_DECISION
A,pdf_hybrid,PLAN1,setbacks.left,FAIL,FAIL,CORRECT_DECISION
A,pdf_hybrid,PLAN1,setbacks.rear,FAIL,FAIL,CORRECT_DECISION
A,pdf_hybrid,PLAN1,setbacks.right,FAIL,FAIL,CORRECT_DECISION
A,pdf_hybrid,PLAN1,coverage,FAIL,FAIL,CORRECT_DECISION
A,pdf_hybrid,PLAN1,far,FAIL,FAIL,CORRECT_DECISION
A,pdf_hybrid,PLAN2,setbacks.front,FAIL,FAIL,CORRECT_DECISION
A,pdf_hybrid,PLAN2,setbacks.left,FAIL,FAIL,CORRECT_DECISION
A,pdf_hybrid,PLAN2,setbacks.rear,FAIL,FAIL,CORRECT_DECISION
A,pdf_hybrid,PLAN2,setbacks.right,FAIL,FAIL,CORRECT_DECISION
A,pdf_hybrid,PLAN2,coverage,FAIL,FAIL,CORRECT_DECISION
A,pdf_hybrid,PLAN2,far,FAIL,FAIL,CORRECT_DECISION
A,pdf_hybrid,PLAN4,road.width,FAIL,FAIL,CORRECT_DECISION
A,pdf_hybrid,PLAN4,plot.depth,FAIL,FAIL,CORRECT_DECISION
A,pdf_hybrid,PLAN4,plot.width,FAIL,FAIL,CORRECT_DECISION
A,pdf_hybrid,PLAN4,setbacks.front,FAIL,FAIL,CORRECT_DECISION
A,pdf_hybrid,PLAN4,setbacks.left,PASS,PASS,CORRECT_DECISION
A,pdf_hybrid,PLAN4,setbacks.rear,FAIL,FAIL,CORRECT_DECISION
A,pdf_hybrid,PLAN4,setbacks.right,FAIL,FAIL,CORRECT_DECISION
A,pdf_hybrid,PLAN4,coverage,FAIL,FAIL,CORRECT_DECISION
A,pdf_hybrid,PLAN4,far,INSUFFICIENT_DATA,REQUIRES_REVIEW,GT_UNDECIDABLE
A,pdf_hybrid,PLAN5,setbacks.front,INSUFFICIENT_DATA,INSUFFICIENT_DATA,GT_UNDECIDABLE
A,pdf_hybrid,PLAN5,setbacks.left,FAIL,FAIL,CORRECT_DECISION
A,pdf_hybrid,PLAN5,setbacks.rear,PASS,PASS,CORRECT_DECISION
A,pdf_hybrid,PLAN5,setbacks.right,FAIL,FAIL,CORRECT_DECISION
A,pdf_hybrid,PLAN5,coverage,PASS,PASS,CORRECT_DECISION
A,pdf_hybrid,PLAN5,far,INSUFFICIENT_DATA,FAIL,GT_UNDECIDABLE
A,pdf_hybrid,PLAN6,setbacks.front,INSUFFICIENT_DATA,INSUFFICIENT_DATA,GT_UNDECIDABLE
A,pdf_hybrid,PLAN6,setbacks.left,INSUFFICIENT_DATA,FAIL,GT_UNDECIDABLE
A,pdf_hybrid,PLAN6,setbacks.rear,INSUFFICIENT_DATA,FAIL,GT_UNDECIDABLE
A,pdf_hybrid,PLAN6,setbacks.right,INSUFFICIENT_DATA,FAIL,GT_UNDECIDABLE
A,pdf_hybrid,PLAN6,coverage,FAIL,FAIL,CORRECT_DECISION
A,pdf_hybrid,PLAN6,far,FAIL,FAIL,CORRECT_DECISION
A,pdf_hybrid,PLAN7,road.width,NOT_APPLICABLE,INSUFFICIENT_DATA,SPURIOUS_APPLICABILITY_INSUFFICIENT_DATA
A,pdf_hybrid,PLAN7,plot.depth,NOT_APPLICABLE,INSUFFICIENT_DATA,SPURIOUS_APPLICABILITY_INSUFFICIENT_DATA
A,pdf_hybrid,PLAN7,plot.width,NOT_APPLICABLE,INSUFFICIENT_DATA,SPURIOUS_APPLICABILITY_INSUFFICIENT_DATA
A,pdf_hybrid,PLAN7,setbacks.front,INSUFFICIENT_DATA,INSUFFICIENT_DATA,GT_UNDECIDABLE
A,pdf_hybrid,PLAN7,setbacks.left,INSUFFICIENT_DATA,INSUFFICIENT_DATA,GT_UNDECIDABLE
A,pdf_hybrid,PLAN7,setbacks.rear,INSUFFICIENT_DATA,NOT_APPLICABLE,GT_UNDECIDABLE
A,pdf_hybrid,PLAN7,setbacks.right,INSUFFICIENT_DATA,INSUFFICIENT_DATA,GT_UNDECIDABLE
A,pdf_hybrid,PLAN7,coverage,INSUFFICIENT_DATA,REQUIRES_REVIEW,GT_UNDECIDABLE
A,pdf_hybrid,PLAN7,far,INSUFFICIENT_DATA,REQUIRES_REVIEW,GT_UNDECIDABLE
A,pdf_hybrid,PLAN8,setbacks.front,INSUFFICIENT_DATA,INSUFFICIENT_DATA,GT_UNDECIDABLE
A,pdf_hybrid,PLAN8,setbacks.left,INSUFFICIENT_DATA,REQUIRES_REVIEW,GT_UNDECIDABLE
A,pdf_hybrid,PLAN8,setbacks.rear,INSUFFICIENT_DATA,REQUIRES_REVIEW,GT_UNDECIDABLE
A,pdf_hybrid,PLAN8,setbacks.right,INSUFFICIENT_DATA,REQUIRES_REVIEW,GT_UNDECIDABLE
A,pdf_hybrid,PLAN8,coverage,INSUFFICIENT_DATA,PASS,GT_UNDECIDABLE
A,pdf_hybrid,PLAN8,far,INSUFFICIENT_DATA,FAIL,GT_UNDECIDABLE
A,pdf_hybrid,PLAN9,road.width,NOT_APPLICABLE,INSUFFICIENT_DATA,SPURIOUS_APPLICABILITY_INSUFFICIENT_DATA
A,pdf_hybrid,PLAN9,plot.depth,NOT_APPLICABLE,INSUFFICIENT_DATA,SPURIOUS_APPLICABILITY_INSUFFICIENT_DATA
A,pdf_hybrid,PLAN9,plot.width,NOT_APPLICABLE,INSUFFICIENT_DATA,SPURIOUS_APPLICABILITY_INSUFFICIENT_DATA
A,pdf_hybrid,PLAN9,setbacks.front,FAIL,FAIL,CORRECT_DECISION
A,pdf_hybrid,PLAN9,setbacks.left,FAIL,FAIL,CORRECT_DECISION
A,pdf_hybrid,PLAN9,setbacks.rear,PASS,FAIL,FALSE_FAIL
A,pdf_hybrid,PLAN9,setbacks.right,FAIL,FAIL,CORRECT_DECISION
A,pdf_hybrid,PLAN9,coverage,PASS,PASS,CORRECT_DECISION
A,pdf_hybrid,PLAN9,far,INSUFFICIENT_DATA,REQUIRES_REVIEW,GT_UNDECIDABLE
A,pdf_hybrid_vlm_api,PLAN1,setbacks.front,FAIL,INSUFFICIENT_DATA,ABSTAIN_INSUFFICIENT_DATA
A,pdf_hybrid_vlm_api,PLAN1,setbacks.left,FAIL,INSUFFICIENT_DATA,ABSTAIN_INSUFFICIENT_DATA
A,pdf_hybrid_vlm_api,PLAN1,setbacks.rear,FAIL,INSUFFICIENT_DATA,ABSTAIN_INSUFFICIENT_DATA
A,pdf_hybrid_vlm_api,PLAN1,setbacks.right,FAIL,INSUFFICIENT_DATA,ABSTAIN_INSUFFICIENT_DATA
A,pdf_hybrid_vlm_api,PLAN1,coverage,FAIL,INSUFFICIENT_DATA,ABSTAIN_INSUFFICIENT_DATA
A,pdf_hybrid_vlm_api,PLAN1,far,FAIL,INSUFFICIENT_DATA,ABSTAIN_INSUFFICIENT_DATA
A,pdf_hybrid_vlm_api,PLAN2,setbacks.front,FAIL,FAIL,CORRECT_DECISION
A,pdf_hybrid_vlm_api,PLAN2,setbacks.left,FAIL,FAIL,CORRECT_DECISION
A,pdf_hybrid_vlm_api,PLAN2,setbacks.rear,FAIL,FAIL,CORRECT_DECISION
A,pdf_hybrid_vlm_api,PLAN2,setbacks.right,FAIL,FAIL,CORRECT_DECISION
A,pdf_hybrid_vlm_api,PLAN2,coverage,FAIL,FAIL,CORRECT_DECISION
A,pdf_hybrid_vlm_api,PLAN2,far,FAIL,FAIL,CORRECT_DECISION
A,pdf_hybrid_vlm_api,PLAN4,road.width,FAIL,FAIL,CORRECT_DECISION
A,pdf_hybrid_vlm_api,PLAN4,plot.depth,FAIL,CONFLICTING_EVIDENCE,ABSTAIN_CONFLICTING_EVIDENCE
A,pdf_hybrid_vlm_api,PLAN4,plot.width,FAIL,FAIL,CORRECT_DECISION
A,pdf_hybrid_vlm_api,PLAN4,setbacks.front,FAIL,FAIL,CORRECT_DECISION
A,pdf_hybrid_vlm_api,PLAN4,setbacks.left,PASS,PASS,CORRECT_DECISION
A,pdf_hybrid_vlm_api,PLAN4,setbacks.rear,FAIL,INSUFFICIENT_DATA,ABSTAIN_INSUFFICIENT_DATA
A,pdf_hybrid_vlm_api,PLAN4,setbacks.right,FAIL,FAIL,CORRECT_DECISION
A,pdf_hybrid_vlm_api,PLAN4,coverage,FAIL,FAIL,CORRECT_DECISION
A,pdf_hybrid_vlm_api,PLAN4,far,INSUFFICIENT_DATA,REQUIRES_REVIEW,GT_UNDECIDABLE
A,pdf_hybrid_vlm_api,PLAN5,setbacks.front,INSUFFICIENT_DATA,CONFLICTING_EVIDENCE,GT_UNDECIDABLE
A,pdf_hybrid_vlm_api,PLAN5,setbacks.left,FAIL,INSUFFICIENT_DATA,ABSTAIN_INSUFFICIENT_DATA
A,pdf_hybrid_vlm_api,PLAN5,setbacks.rear,PASS,INSUFFICIENT_DATA,ABSTAIN_INSUFFICIENT_DATA
A,pdf_hybrid_vlm_api,PLAN5,setbacks.right,FAIL,INSUFFICIENT_DATA,ABSTAIN_INSUFFICIENT_DATA
A,pdf_hybrid_vlm_api,PLAN5,coverage,PASS,PASS,CORRECT_DECISION
A,pdf_hybrid_vlm_api,PLAN5,far,INSUFFICIENT_DATA,REQUIRES_REVIEW,GT_UNDECIDABLE
A,pdf_hybrid_vlm_api,PLAN6,setbacks.front,INSUFFICIENT_DATA,FAIL,GT_UNDECIDABLE
A,pdf_hybrid_vlm_api,PLAN6,setbacks.left,INSUFFICIENT_DATA,FAIL,GT_UNDECIDABLE
A,pdf_hybrid_vlm_api,PLAN6,setbacks.rear,INSUFFICIENT_DATA,FAIL,GT_UNDECIDABLE
A,pdf_hybrid_vlm_api,PLAN6,setbacks.right,INSUFFICIENT_DATA,FAIL,GT_UNDECIDABLE
A,pdf_hybrid_vlm_api,PLAN6,coverage,FAIL,FAIL,CORRECT_DECISION
A,pdf_hybrid_vlm_api,PLAN6,far,FAIL,FAIL,CORRECT_DECISION
A,pdf_hybrid_vlm_api,PLAN7,setbacks.front,INSUFFICIENT_DATA,INSUFFICIENT_DATA,GT_UNDECIDABLE
A,pdf_hybrid_vlm_api,PLAN7,setbacks.left,INSUFFICIENT_DATA,INSUFFICIENT_DATA,GT_UNDECIDABLE
A,pdf_hybrid_vlm_api,PLAN7,setbacks.rear,INSUFFICIENT_DATA,NOT_APPLICABLE,GT_UNDECIDABLE
A,pdf_hybrid_vlm_api,PLAN7,setbacks.right,INSUFFICIENT_DATA,INSUFFICIENT_DATA,GT_UNDECIDABLE
A,pdf_hybrid_vlm_api,PLAN7,coverage,INSUFFICIENT_DATA,INSUFFICIENT_DATA,GT_UNDECIDABLE
A,pdf_hybrid_vlm_api,PLAN7,far,INSUFFICIENT_DATA,INSUFFICIENT_DATA,GT_UNDECIDABLE
A,pdf_hybrid_vlm_api,PLAN8,setbacks.front,INSUFFICIENT_DATA,CONFLICTING_EVIDENCE,GT_UNDECIDABLE
A,pdf_hybrid_vlm_api,PLAN8,setbacks.left,INSUFFICIENT_DATA,CONFLICTING_EVIDENCE,GT_UNDECIDABLE
A,pdf_hybrid_vlm_api,PLAN8,setbacks.rear,INSUFFICIENT_DATA,CONFLICTING_EVIDENCE,GT_UNDECIDABLE
A,pdf_hybrid_vlm_api,PLAN8,setbacks.right,INSUFFICIENT_DATA,CONFLICTING_EVIDENCE,GT_UNDECIDABLE
A,pdf_hybrid_vlm_api,PLAN8,coverage,INSUFFICIENT_DATA,CONFLICTING_EVIDENCE,GT_UNDECIDABLE
A,pdf_hybrid_vlm_api,PLAN8,far,INSUFFICIENT_DATA,FAIL,GT_UNDECIDABLE
A,pdf_hybrid_vlm_api,PLAN9,setbacks.front,FAIL,INSUFFICIENT_DATA,ABSTAIN_INSUFFICIENT_DATA
A,pdf_hybrid_vlm_api,PLAN9,setbacks.left,FAIL,FAIL,CORRECT_DECISION
A,pdf_hybrid_vlm_api,PLAN9,setbacks.rear,PASS,INSUFFICIENT_DATA,ABSTAIN_INSUFFICIENT_DATA
A,pdf_hybrid_vlm_api,PLAN9,setbacks.right,FAIL,FAIL,CORRECT_DECISION
A,pdf_hybrid_vlm_api,PLAN9,coverage,PASS,PASS,CORRECT_DECISION
A,pdf_hybrid_vlm_api,PLAN9,far,INSUFFICIENT_DATA,PASS,GT_UNDECIDABLE
A,pdf_legacy_resolver,PLAN1,setbacks.front,FAIL,INSUFFICIENT_DATA,ABSTAIN_INSUFFICIENT_DATA
A,pdf_legacy_resolver,PLAN1,setbacks.left,FAIL,INSUFFICIENT_DATA,ABSTAIN_INSUFFICIENT_DATA
A,pdf_legacy_resolver,PLAN1,setbacks.rear,FAIL,INSUFFICIENT_DATA,ABSTAIN_INSUFFICIENT_DATA
A,pdf_legacy_resolver,PLAN1,setbacks.right,FAIL,INSUFFICIENT_DATA,ABSTAIN_INSUFFICIENT_DATA
A,pdf_legacy_resolver,PLAN1,coverage,FAIL,INSUFFICIENT_DATA,ABSTAIN_INSUFFICIENT_DATA
A,pdf_legacy_resolver,PLAN1,far,FAIL,INSUFFICIENT_DATA,ABSTAIN_INSUFFICIENT_DATA
A,pdf_legacy_resolver,PLAN2,setbacks.front,FAIL,INSUFFICIENT_DATA,ABSTAIN_INSUFFICIENT_DATA
A,pdf_legacy_resolver,PLAN2,setbacks.left,FAIL,INSUFFICIENT_DATA,ABSTAIN_INSUFFICIENT_DATA
A,pdf_legacy_resolver,PLAN2,setbacks.rear,FAIL,INSUFFICIENT_DATA,ABSTAIN_INSUFFICIENT_DATA
A,pdf_legacy_resolver,PLAN2,setbacks.right,FAIL,INSUFFICIENT_DATA,ABSTAIN_INSUFFICIENT_DATA
A,pdf_legacy_resolver,PLAN2,coverage,FAIL,PASS,FALSE_PASS
A,pdf_legacy_resolver,PLAN2,far,FAIL,PASS,FALSE_PASS
A,pdf_legacy_resolver,PLAN4,road.width,FAIL,CONFLICTING_EVIDENCE,ABSTAIN_CONFLICTING_EVIDENCE
A,pdf_legacy_resolver,PLAN4,plot.depth,FAIL,PASS,FALSE_PASS
A,pdf_legacy_resolver,PLAN4,plot.width,FAIL,PASS,FALSE_PASS
A,pdf_legacy_resolver,PLAN4,setbacks.front,FAIL,INSUFFICIENT_DATA,ABSTAIN_INSUFFICIENT_DATA
A,pdf_legacy_resolver,PLAN4,setbacks.left,PASS,PASS,CORRECT_DECISION
A,pdf_legacy_resolver,PLAN4,setbacks.rear,FAIL,PASS,FALSE_PASS
A,pdf_legacy_resolver,PLAN4,setbacks.right,FAIL,PASS,FALSE_PASS
A,pdf_legacy_resolver,PLAN4,coverage,FAIL,PASS,FALSE_PASS
A,pdf_legacy_resolver,PLAN4,far,INSUFFICIENT_DATA,REQUIRES_REVIEW,GT_UNDECIDABLE
A,pdf_legacy_resolver,PLAN5,setbacks.front,INSUFFICIENT_DATA,INSUFFICIENT_DATA,GT_UNDECIDABLE
A,pdf_legacy_resolver,PLAN5,setbacks.left,FAIL,NOT_APPLICABLE,APPLICABILITY_FLIP
A,pdf_legacy_resolver,PLAN5,setbacks.rear,PASS,NOT_APPLICABLE,APPLICABILITY_FLIP
A,pdf_legacy_resolver,PLAN5,setbacks.right,FAIL,INSUFFICIENT_DATA,ABSTAIN_INSUFFICIENT_DATA
A,pdf_legacy_resolver,PLAN5,coverage,PASS,PASS,CORRECT_DECISION
A,pdf_legacy_resolver,PLAN5,far,INSUFFICIENT_DATA,PASS,GT_UNDECIDABLE
A,pdf_legacy_resolver,PLAN6,setbacks.front,INSUFFICIENT_DATA,INSUFFICIENT_DATA,GT_UNDECIDABLE
A,pdf_legacy_resolver,PLAN6,setbacks.left,INSUFFICIENT_DATA,INSUFFICIENT_DATA,GT_UNDECIDABLE
A,pdf_legacy_resolver,PLAN6,setbacks.rear,INSUFFICIENT_DATA,INSUFFICIENT_DATA,GT_UNDECIDABLE
A,pdf_legacy_resolver,PLAN6,setbacks.right,INSUFFICIENT_DATA,INSUFFICIENT_DATA,GT_UNDECIDABLE
A,pdf_legacy_resolver,PLAN6,coverage,FAIL,INSUFFICIENT_DATA,ABSTAIN_INSUFFICIENT_DATA
A,pdf_legacy_resolver,PLAN6,far,FAIL,INSUFFICIENT_DATA,ABSTAIN_INSUFFICIENT_DATA
A,pdf_legacy_resolver,PLAN7,road.width,NOT_APPLICABLE,INSUFFICIENT_DATA,SPURIOUS_APPLICABILITY_INSUFFICIENT_DATA
A,pdf_legacy_resolver,PLAN7,plot.depth,NOT_APPLICABLE,INSUFFICIENT_DATA,SPURIOUS_APPLICABILITY_INSUFFICIENT_DATA
A,pdf_legacy_resolver,PLAN7,plot.width,NOT_APPLICABLE,INSUFFICIENT_DATA,SPURIOUS_APPLICABILITY_INSUFFICIENT_DATA
A,pdf_legacy_resolver,PLAN7,setbacks.front,INSUFFICIENT_DATA,INSUFFICIENT_DATA,GT_UNDECIDABLE
A,pdf_legacy_resolver,PLAN7,setbacks.left,INSUFFICIENT_DATA,INSUFFICIENT_DATA,GT_UNDECIDABLE
A,pdf_legacy_resolver,PLAN7,setbacks.rear,INSUFFICIENT_DATA,NOT_APPLICABLE,GT_UNDECIDABLE
A,pdf_legacy_resolver,PLAN7,setbacks.right,INSUFFICIENT_DATA,INSUFFICIENT_DATA,GT_UNDECIDABLE
A,pdf_legacy_resolver,PLAN7,coverage,INSUFFICIENT_DATA,FAIL,GT_UNDECIDABLE
A,pdf_legacy_resolver,PLAN7,far,INSUFFICIENT_DATA,REQUIRES_REVIEW,GT_UNDECIDABLE
A,pdf_legacy_resolver,PLAN8,setbacks.front,INSUFFICIENT_DATA,INSUFFICIENT_DATA,GT_UNDECIDABLE
A,pdf_legacy_resolver,PLAN8,setbacks.left,INSUFFICIENT_DATA,PASS,GT_UNDECIDABLE
A,pdf_legacy_resolver,PLAN8,setbacks.rear,INSUFFICIENT_DATA,PASS,GT_UNDECIDABLE
A,pdf_legacy_resolver,PLAN8,setbacks.right,INSUFFICIENT_DATA,INSUFFICIENT_DATA,GT_UNDECIDABLE
A,pdf_legacy_resolver,PLAN8,coverage,INSUFFICIENT_DATA,PASS,GT_UNDECIDABLE
A,pdf_legacy_resolver,PLAN8,far,INSUFFICIENT_DATA,PASS,GT_UNDECIDABLE
A,pdf_legacy_resolver,PLAN9,road.width,NOT_APPLICABLE,INSUFFICIENT_DATA,SPURIOUS_APPLICABILITY_INSUFFICIENT_DATA
A,pdf_legacy_resolver,PLAN9,plot.depth,NOT_APPLICABLE,INSUFFICIENT_DATA,SPURIOUS_APPLICABILITY_INSUFFICIENT_DATA
A,pdf_legacy_resolver,PLAN9,plot.width,NOT_APPLICABLE,INSUFFICIENT_DATA,SPURIOUS_APPLICABILITY_INSUFFICIENT_DATA
A,pdf_legacy_resolver,PLAN9,setbacks.front,FAIL,FAIL,CORRECT_DECISION
A,pdf_legacy_resolver,PLAN9,setbacks.left,FAIL,NOT_APPLICABLE,APPLICABILITY_FLIP
A,pdf_legacy_resolver,PLAN9,setbacks.rear,PASS,NOT_APPLICABLE,APPLICABILITY_FLIP
A,pdf_legacy_resolver,PLAN9,setbacks.right,FAIL,INSUFFICIENT_DATA,ABSTAIN_INSUFFICIENT_DATA
A,pdf_legacy_resolver,PLAN9,coverage,PASS,PASS,CORRECT_DECISION
A,pdf_legacy_resolver,PLAN9,far,INSUFFICIENT_DATA,REQUIRES_REVIEW,GT_UNDECIDABLE
A,pdf_native_ocr,PLAN1,road.width,NOT_APPLICABLE,INSUFFICIENT_DATA,SPURIOUS_APPLICABILITY_INSUFFICIENT_DATA
A,pdf_native_ocr,PLAN1,plot.depth,NOT_APPLICABLE,INSUFFICIENT_DATA,SPURIOUS_APPLICABILITY_INSUFFICIENT_DATA
A,pdf_native_ocr,PLAN1,plot.width,NOT_APPLICABLE,INSUFFICIENT_DATA,SPURIOUS_APPLICABILITY_INSUFFICIENT_DATA
A,pdf_native_ocr,PLAN1,setbacks.front,FAIL,FAIL,CORRECT_DECISION
A,pdf_native_ocr,PLAN1,setbacks.left,FAIL,FAIL,CORRECT_DECISION
A,pdf_native_ocr,PLAN1,setbacks.rear,FAIL,FAIL,CORRECT_DECISION
A,pdf_native_ocr,PLAN1,setbacks.right,FAIL,FAIL,CORRECT_DECISION
A,pdf_native_ocr,PLAN1,coverage,FAIL,INSUFFICIENT_DATA,ABSTAIN_INSUFFICIENT_DATA
A,pdf_native_ocr,PLAN1,far,FAIL,INSUFFICIENT_DATA,ABSTAIN_INSUFFICIENT_DATA
A,pdf_native_ocr,PLAN2,road.width,NOT_APPLICABLE,INSUFFICIENT_DATA,SPURIOUS_APPLICABILITY_INSUFFICIENT_DATA
A,pdf_native_ocr,PLAN2,plot.depth,NOT_APPLICABLE,INSUFFICIENT_DATA,SPURIOUS_APPLICABILITY_INSUFFICIENT_DATA
A,pdf_native_ocr,PLAN2,plot.width,NOT_APPLICABLE,INSUFFICIENT_DATA,SPURIOUS_APPLICABILITY_INSUFFICIENT_DATA
A,pdf_native_ocr,PLAN2,setbacks.front,FAIL,FAIL,CORRECT_DECISION
A,pdf_native_ocr,PLAN2,setbacks.left,FAIL,FAIL,CORRECT_DECISION
A,pdf_native_ocr,PLAN2,setbacks.rear,FAIL,FAIL,CORRECT_DECISION
A,pdf_native_ocr,PLAN2,setbacks.right,FAIL,FAIL,CORRECT_DECISION
A,pdf_native_ocr,PLAN2,coverage,FAIL,FAIL,CORRECT_DECISION
A,pdf_native_ocr,PLAN2,far,FAIL,FAIL,CORRECT_DECISION
A,pdf_native_ocr,PLAN4,road.width,FAIL,INSUFFICIENT_DATA,ABSTAIN_INSUFFICIENT_DATA
A,pdf_native_ocr,PLAN4,plot.depth,FAIL,INSUFFICIENT_DATA,ABSTAIN_INSUFFICIENT_DATA
A,pdf_native_ocr,PLAN4,plot.width,FAIL,INSUFFICIENT_DATA,ABSTAIN_INSUFFICIENT_DATA
A,pdf_native_ocr,PLAN4,setbacks.front,FAIL,FAIL,CORRECT_DECISION
A,pdf_native_ocr,PLAN4,setbacks.left,PASS,PASS,CORRECT_DECISION
A,pdf_native_ocr,PLAN4,setbacks.rear,FAIL,FAIL,CORRECT_DECISION
A,pdf_native_ocr,PLAN4,setbacks.right,FAIL,FAIL,CORRECT_DECISION
A,pdf_native_ocr,PLAN4,coverage,FAIL,FAIL,CORRECT_DECISION
A,pdf_native_ocr,PLAN4,far,INSUFFICIENT_DATA,REQUIRES_REVIEW,GT_UNDECIDABLE
A,pdf_native_ocr,PLAN5,road.width,NOT_APPLICABLE,INSUFFICIENT_DATA,SPURIOUS_APPLICABILITY_INSUFFICIENT_DATA
A,pdf_native_ocr,PLAN5,plot.depth,NOT_APPLICABLE,INSUFFICIENT_DATA,SPURIOUS_APPLICABILITY_INSUFFICIENT_DATA
A,pdf_native_ocr,PLAN5,plot.width,NOT_APPLICABLE,INSUFFICIENT_DATA,SPURIOUS_APPLICABILITY_INSUFFICIENT_DATA
A,pdf_native_ocr,PLAN5,setbacks.front,INSUFFICIENT_DATA,INSUFFICIENT_DATA,GT_UNDECIDABLE
A,pdf_native_ocr,PLAN5,setbacks.left,FAIL,FAIL,CORRECT_DECISION
A,pdf_native_ocr,PLAN5,setbacks.rear,PASS,PASS,CORRECT_DECISION
A,pdf_native_ocr,PLAN5,setbacks.right,FAIL,FAIL,CORRECT_DECISION
A,pdf_native_ocr,PLAN5,coverage,PASS,PASS,CORRECT_DECISION
A,pdf_native_ocr,PLAN5,far,INSUFFICIENT_DATA,REQUIRES_REVIEW,GT_UNDECIDABLE
A,pdf_native_ocr,PLAN6,road.width,NOT_APPLICABLE,INSUFFICIENT_DATA,SPURIOUS_APPLICABILITY_INSUFFICIENT_DATA
A,pdf_native_ocr,PLAN6,plot.depth,NOT_APPLICABLE,INSUFFICIENT_DATA,SPURIOUS_APPLICABILITY_INSUFFICIENT_DATA
A,pdf_native_ocr,PLAN6,plot.width,NOT_APPLICABLE,INSUFFICIENT_DATA,SPURIOUS_APPLICABILITY_INSUFFICIENT_DATA
A,pdf_native_ocr,PLAN6,setbacks.front,INSUFFICIENT_DATA,INSUFFICIENT_DATA,GT_UNDECIDABLE
A,pdf_native_ocr,PLAN6,setbacks.left,INSUFFICIENT_DATA,FAIL,GT_UNDECIDABLE
A,pdf_native_ocr,PLAN6,setbacks.rear,INSUFFICIENT_DATA,FAIL,GT_UNDECIDABLE
A,pdf_native_ocr,PLAN6,setbacks.right,INSUFFICIENT_DATA,FAIL,GT_UNDECIDABLE
A,pdf_native_ocr,PLAN6,coverage,FAIL,FAIL,CORRECT_DECISION
A,pdf_native_ocr,PLAN6,far,FAIL,FAIL,CORRECT_DECISION
A,pdf_native_ocr,PLAN7,road.width,NOT_APPLICABLE,INSUFFICIENT_DATA,SPURIOUS_APPLICABILITY_INSUFFICIENT_DATA
A,pdf_native_ocr,PLAN7,plot.depth,NOT_APPLICABLE,INSUFFICIENT_DATA,SPURIOUS_APPLICABILITY_INSUFFICIENT_DATA
A,pdf_native_ocr,PLAN7,plot.width,NOT_APPLICABLE,INSUFFICIENT_DATA,SPURIOUS_APPLICABILITY_INSUFFICIENT_DATA
A,pdf_native_ocr,PLAN7,setbacks.front,INSUFFICIENT_DATA,INSUFFICIENT_DATA,GT_UNDECIDABLE
A,pdf_native_ocr,PLAN7,setbacks.left,INSUFFICIENT_DATA,INSUFFICIENT_DATA,GT_UNDECIDABLE
A,pdf_native_ocr,PLAN7,setbacks.rear,INSUFFICIENT_DATA,INSUFFICIENT_DATA,GT_UNDECIDABLE
A,pdf_native_ocr,PLAN7,setbacks.right,INSUFFICIENT_DATA,INSUFFICIENT_DATA,GT_UNDECIDABLE
A,pdf_native_ocr,PLAN7,coverage,INSUFFICIENT_DATA,INSUFFICIENT_DATA,GT_UNDECIDABLE
A,pdf_native_ocr,PLAN7,far,INSUFFICIENT_DATA,INSUFFICIENT_DATA,GT_UNDECIDABLE
A,pdf_native_ocr,PLAN8,road.width,NOT_APPLICABLE,INSUFFICIENT_DATA,SPURIOUS_APPLICABILITY_INSUFFICIENT_DATA
A,pdf_native_ocr,PLAN8,plot.depth,NOT_APPLICABLE,INSUFFICIENT_DATA,SPURIOUS_APPLICABILITY_INSUFFICIENT_DATA
A,pdf_native_ocr,PLAN8,plot.width,NOT_APPLICABLE,INSUFFICIENT_DATA,SPURIOUS_APPLICABILITY_INSUFFICIENT_DATA
A,pdf_native_ocr,PLAN8,setbacks.front,INSUFFICIENT_DATA,INSUFFICIENT_DATA,GT_UNDECIDABLE
A,pdf_native_ocr,PLAN8,setbacks.left,INSUFFICIENT_DATA,REQUIRES_REVIEW,GT_UNDECIDABLE
A,pdf_native_ocr,PLAN8,setbacks.rear,INSUFFICIENT_DATA,REQUIRES_REVIEW,GT_UNDECIDABLE
A,pdf_native_ocr,PLAN8,setbacks.right,INSUFFICIENT_DATA,REQUIRES_REVIEW,GT_UNDECIDABLE
A,pdf_native_ocr,PLAN8,coverage,INSUFFICIENT_DATA,PASS,GT_UNDECIDABLE
A,pdf_native_ocr,PLAN8,far,INSUFFICIENT_DATA,FAIL,GT_UNDECIDABLE
A,pdf_native_ocr,PLAN9,road.width,NOT_APPLICABLE,INSUFFICIENT_DATA,SPURIOUS_APPLICABILITY_INSUFFICIENT_DATA
A,pdf_native_ocr,PLAN9,plot.depth,NOT_APPLICABLE,INSUFFICIENT_DATA,SPURIOUS_APPLICABILITY_INSUFFICIENT_DATA
A,pdf_native_ocr,PLAN9,plot.width,NOT_APPLICABLE,INSUFFICIENT_DATA,SPURIOUS_APPLICABILITY_INSUFFICIENT_DATA
A,pdf_native_ocr,PLAN9,setbacks.front,FAIL,FAIL,CORRECT_DECISION
A,pdf_native_ocr,PLAN9,setbacks.left,FAIL,FAIL,CORRECT_DECISION
A,pdf_native_ocr,PLAN9,setbacks.rear,PASS,FAIL,FALSE_FAIL
A,pdf_native_ocr,PLAN9,setbacks.right,FAIL,FAIL,CORRECT_DECISION
A,pdf_native_ocr,PLAN9,coverage,PASS,INSUFFICIENT_DATA,ABSTAIN_INSUFFICIENT_DATA
A,pdf_native_ocr,PLAN9,far,INSUFFICIENT_DATA,INSUFFICIENT_DATA,GT_UNDECIDABLE
A,pdf_native_only,PLAN1,road.width,NOT_APPLICABLE,INSUFFICIENT_DATA,SPURIOUS_APPLICABILITY_INSUFFICIENT_DATA
A,pdf_native_only,PLAN1,plot.depth,NOT_APPLICABLE,INSUFFICIENT_DATA,SPURIOUS_APPLICABILITY_INSUFFICIENT_DATA
A,pdf_native_only,PLAN1,plot.width,NOT_APPLICABLE,INSUFFICIENT_DATA,SPURIOUS_APPLICABILITY_INSUFFICIENT_DATA
A,pdf_native_only,PLAN1,setbacks.front,FAIL,FAIL,CORRECT_DECISION
A,pdf_native_only,PLAN1,setbacks.left,FAIL,FAIL,CORRECT_DECISION
A,pdf_native_only,PLAN1,setbacks.rear,FAIL,FAIL,CORRECT_DECISION
A,pdf_native_only,PLAN1,setbacks.right,FAIL,FAIL,CORRECT_DECISION
A,pdf_native_only,PLAN1,coverage,FAIL,INSUFFICIENT_DATA,ABSTAIN_INSUFFICIENT_DATA
A,pdf_native_only,PLAN1,far,FAIL,INSUFFICIENT_DATA,ABSTAIN_INSUFFICIENT_DATA
A,pdf_native_only,PLAN2,road.width,NOT_APPLICABLE,INSUFFICIENT_DATA,SPURIOUS_APPLICABILITY_INSUFFICIENT_DATA
A,pdf_native_only,PLAN2,plot.depth,NOT_APPLICABLE,INSUFFICIENT_DATA,SPURIOUS_APPLICABILITY_INSUFFICIENT_DATA
A,pdf_native_only,PLAN2,plot.width,NOT_APPLICABLE,INSUFFICIENT_DATA,SPURIOUS_APPLICABILITY_INSUFFICIENT_DATA
A,pdf_native_only,PLAN2,setbacks.front,FAIL,FAIL,CORRECT_DECISION
A,pdf_native_only,PLAN2,setbacks.left,FAIL,FAIL,CORRECT_DECISION
A,pdf_native_only,PLAN2,setbacks.rear,FAIL,FAIL,CORRECT_DECISION
A,pdf_native_only,PLAN2,setbacks.right,FAIL,FAIL,CORRECT_DECISION
A,pdf_native_only,PLAN2,coverage,FAIL,FAIL,CORRECT_DECISION
A,pdf_native_only,PLAN2,far,FAIL,FAIL,CORRECT_DECISION
A,pdf_native_only,PLAN4,road.width,FAIL,INSUFFICIENT_DATA,ABSTAIN_INSUFFICIENT_DATA
A,pdf_native_only,PLAN4,plot.depth,FAIL,INSUFFICIENT_DATA,ABSTAIN_INSUFFICIENT_DATA
A,pdf_native_only,PLAN4,plot.width,FAIL,INSUFFICIENT_DATA,ABSTAIN_INSUFFICIENT_DATA
A,pdf_native_only,PLAN4,setbacks.front,FAIL,FAIL,CORRECT_DECISION
A,pdf_native_only,PLAN4,setbacks.left,PASS,PASS,CORRECT_DECISION
A,pdf_native_only,PLAN4,setbacks.rear,FAIL,FAIL,CORRECT_DECISION
A,pdf_native_only,PLAN4,setbacks.right,FAIL,FAIL,CORRECT_DECISION
A,pdf_native_only,PLAN4,coverage,FAIL,FAIL,CORRECT_DECISION
A,pdf_native_only,PLAN4,far,INSUFFICIENT_DATA,REQUIRES_REVIEW,GT_UNDECIDABLE
A,pdf_native_only,PLAN5,road.width,NOT_APPLICABLE,INSUFFICIENT_DATA,SPURIOUS_APPLICABILITY_INSUFFICIENT_DATA
A,pdf_native_only,PLAN5,plot.depth,NOT_APPLICABLE,INSUFFICIENT_DATA,SPURIOUS_APPLICABILITY_INSUFFICIENT_DATA
A,pdf_native_only,PLAN5,plot.width,NOT_APPLICABLE,INSUFFICIENT_DATA,SPURIOUS_APPLICABILITY_INSUFFICIENT_DATA
A,pdf_native_only,PLAN5,setbacks.front,INSUFFICIENT_DATA,INSUFFICIENT_DATA,GT_UNDECIDABLE
A,pdf_native_only,PLAN5,setbacks.left,FAIL,INSUFFICIENT_DATA,ABSTAIN_INSUFFICIENT_DATA
A,pdf_native_only,PLAN5,setbacks.rear,PASS,INSUFFICIENT_DATA,ABSTAIN_INSUFFICIENT_DATA
A,pdf_native_only,PLAN5,setbacks.right,FAIL,INSUFFICIENT_DATA,ABSTAIN_INSUFFICIENT_DATA
A,pdf_native_only,PLAN5,coverage,PASS,INSUFFICIENT_DATA,ABSTAIN_INSUFFICIENT_DATA
A,pdf_native_only,PLAN5,far,INSUFFICIENT_DATA,INSUFFICIENT_DATA,GT_UNDECIDABLE
A,pdf_native_only,PLAN6,road.width,NOT_APPLICABLE,INSUFFICIENT_DATA,SPURIOUS_APPLICABILITY_INSUFFICIENT_DATA
A,pdf_native_only,PLAN6,plot.depth,NOT_APPLICABLE,INSUFFICIENT_DATA,SPURIOUS_APPLICABILITY_INSUFFICIENT_DATA
A,pdf_native_only,PLAN6,plot.width,NOT_APPLICABLE,INSUFFICIENT_DATA,SPURIOUS_APPLICABILITY_INSUFFICIENT_DATA
A,pdf_native_only,PLAN6,setbacks.front,INSUFFICIENT_DATA,INSUFFICIENT_DATA,GT_UNDECIDABLE
A,pdf_native_only,PLAN6,setbacks.left,INSUFFICIENT_DATA,FAIL,GT_UNDECIDABLE
A,pdf_native_only,PLAN6,setbacks.rear,INSUFFICIENT_DATA,FAIL,GT_UNDECIDABLE
A,pdf_native_only,PLAN6,setbacks.right,INSUFFICIENT_DATA,FAIL,GT_UNDECIDABLE
A,pdf_native_only,PLAN6,coverage,FAIL,FAIL,CORRECT_DECISION
A,pdf_native_only,PLAN6,far,FAIL,FAIL,CORRECT_DECISION
A,pdf_native_only,PLAN7,road.width,NOT_APPLICABLE,INSUFFICIENT_DATA,SPURIOUS_APPLICABILITY_INSUFFICIENT_DATA
A,pdf_native_only,PLAN7,plot.depth,NOT_APPLICABLE,INSUFFICIENT_DATA,SPURIOUS_APPLICABILITY_INSUFFICIENT_DATA
A,pdf_native_only,PLAN7,plot.width,NOT_APPLICABLE,INSUFFICIENT_DATA,SPURIOUS_APPLICABILITY_INSUFFICIENT_DATA
A,pdf_native_only,PLAN7,setbacks.front,INSUFFICIENT_DATA,INSUFFICIENT_DATA,GT_UNDECIDABLE
A,pdf_native_only,PLAN7,setbacks.left,INSUFFICIENT_DATA,INSUFFICIENT_DATA,GT_UNDECIDABLE
A,pdf_native_only,PLAN7,setbacks.rear,INSUFFICIENT_DATA,INSUFFICIENT_DATA,GT_UNDECIDABLE
A,pdf_native_only,PLAN7,setbacks.right,INSUFFICIENT_DATA,INSUFFICIENT_DATA,GT_UNDECIDABLE
A,pdf_native_only,PLAN7,coverage,INSUFFICIENT_DATA,INSUFFICIENT_DATA,GT_UNDECIDABLE
A,pdf_native_only,PLAN7,far,INSUFFICIENT_DATA,INSUFFICIENT_DATA,GT_UNDECIDABLE
A,pdf_native_only,PLAN8,road.width,NOT_APPLICABLE,INSUFFICIENT_DATA,SPURIOUS_APPLICABILITY_INSUFFICIENT_DATA
A,pdf_native_only,PLAN8,plot.depth,NOT_APPLICABLE,INSUFFICIENT_DATA,SPURIOUS_APPLICABILITY_INSUFFICIENT_DATA
A,pdf_native_only,PLAN8,plot.width,NOT_APPLICABLE,INSUFFICIENT_DATA,SPURIOUS_APPLICABILITY_INSUFFICIENT_DATA
A,pdf_native_only,PLAN8,setbacks.front,INSUFFICIENT_DATA,INSUFFICIENT_DATA,GT_UNDECIDABLE
A,pdf_native_only,PLAN8,setbacks.left,INSUFFICIENT_DATA,REQUIRES_REVIEW,GT_UNDECIDABLE
A,pdf_native_only,PLAN8,setbacks.rear,INSUFFICIENT_DATA,REQUIRES_REVIEW,GT_UNDECIDABLE
A,pdf_native_only,PLAN8,setbacks.right,INSUFFICIENT_DATA,REQUIRES_REVIEW,GT_UNDECIDABLE
A,pdf_native_only,PLAN8,coverage,INSUFFICIENT_DATA,PASS,GT_UNDECIDABLE
A,pdf_native_only,PLAN8,far,INSUFFICIENT_DATA,FAIL,GT_UNDECIDABLE
A,pdf_native_only,PLAN9,road.width,NOT_APPLICABLE,INSUFFICIENT_DATA,SPURIOUS_APPLICABILITY_INSUFFICIENT_DATA
A,pdf_native_only,PLAN9,plot.depth,NOT_APPLICABLE,INSUFFICIENT_DATA,SPURIOUS_APPLICABILITY_INSUFFICIENT_DATA
A,pdf_native_only,PLAN9,plot.width,NOT_APPLICABLE,INSUFFICIENT_DATA,SPURIOUS_APPLICABILITY_INSUFFICIENT_DATA
A,pdf_native_only,PLAN9,setbacks.front,FAIL,FAIL,CORRECT_DECISION
A,pdf_native_only,PLAN9,setbacks.left,FAIL,FAIL,CORRECT_DECISION
A,pdf_native_only,PLAN9,setbacks.rear,PASS,FAIL,FALSE_FAIL
A,pdf_native_only,PLAN9,setbacks.right,FAIL,FAIL,CORRECT_DECISION
A,pdf_native_only,PLAN9,coverage,PASS,INSUFFICIENT_DATA,ABSTAIN_INSUFFICIENT_DATA
A,pdf_native_only,PLAN9,far,INSUFFICIENT_DATA,INSUFFICIENT_DATA,GT_UNDECIDABLE
A,pdf_dxf_reconciled,PLAN1,setbacks.front,FAIL,FAIL,CORRECT_DECISION
A,pdf_dxf_reconciled,PLAN1,setbacks.left,FAIL,FAIL,CORRECT_DECISION
A,pdf_dxf_reconciled,PLAN1,setbacks.rear,FAIL,FAIL,CORRECT_DECISION
A,pdf_dxf_reconciled,PLAN1,setbacks.right,FAIL,FAIL,CORRECT_DECISION
A,pdf_dxf_reconciled,PLAN1,coverage,FAIL,FAIL,CORRECT_DECISION
A,pdf_dxf_reconciled,PLAN1,far,FAIL,FAIL,CORRECT_DECISION
A,pdf_dxf_reconciled,PLAN2,setbacks.front,FAIL,FAIL,CORRECT_DECISION
A,pdf_dxf_reconciled,PLAN2,setbacks.left,FAIL,FAIL,CORRECT_DECISION
A,pdf_dxf_reconciled,PLAN2,setbacks.rear,FAIL,FAIL,CORRECT_DECISION
A,pdf_dxf_reconciled,PLAN2,setbacks.right,FAIL,FAIL,CORRECT_DECISION
A,pdf_dxf_reconciled,PLAN2,coverage,FAIL,FAIL,CORRECT_DECISION
A,pdf_dxf_reconciled,PLAN2,far,FAIL,FAIL,CORRECT_DECISION
A,pdf_dxf_reconciled,PLAN4,road.width,FAIL,FAIL,CORRECT_DECISION
A,pdf_dxf_reconciled,PLAN4,plot.depth,FAIL,FAIL,CORRECT_DECISION
A,pdf_dxf_reconciled,PLAN4,plot.width,FAIL,FAIL,CORRECT_DECISION
A,pdf_dxf_reconciled,PLAN4,setbacks.front,FAIL,FAIL,CORRECT_DECISION
A,pdf_dxf_reconciled,PLAN4,setbacks.left,PASS,PASS,CORRECT_DECISION
A,pdf_dxf_reconciled,PLAN4,setbacks.rear,FAIL,FAIL,CORRECT_DECISION
A,pdf_dxf_reconciled,PLAN4,setbacks.right,FAIL,FAIL,CORRECT_DECISION
A,pdf_dxf_reconciled,PLAN4,coverage,FAIL,FAIL,CORRECT_DECISION
A,pdf_dxf_reconciled,PLAN4,far,INSUFFICIENT_DATA,REQUIRES_REVIEW,GT_UNDECIDABLE
A,pdf_dxf_reconciled,PLAN5,setbacks.front,INSUFFICIENT_DATA,INSUFFICIENT_DATA,GT_UNDECIDABLE
A,pdf_dxf_reconciled,PLAN5,setbacks.left,FAIL,FAIL,CORRECT_DECISION
A,pdf_dxf_reconciled,PLAN5,setbacks.rear,PASS,PASS,CORRECT_DECISION
A,pdf_dxf_reconciled,PLAN5,setbacks.right,FAIL,FAIL,CORRECT_DECISION
A,pdf_dxf_reconciled,PLAN5,coverage,PASS,PASS,CORRECT_DECISION
A,pdf_dxf_reconciled,PLAN5,far,INSUFFICIENT_DATA,FAIL,GT_UNDECIDABLE
A,pdf_dxf_reconciled,PLAN6,setbacks.front,INSUFFICIENT_DATA,INSUFFICIENT_DATA,GT_UNDECIDABLE
A,pdf_dxf_reconciled,PLAN6,setbacks.left,INSUFFICIENT_DATA,FAIL,GT_UNDECIDABLE
A,pdf_dxf_reconciled,PLAN6,setbacks.rear,INSUFFICIENT_DATA,FAIL,GT_UNDECIDABLE
A,pdf_dxf_reconciled,PLAN6,setbacks.right,INSUFFICIENT_DATA,FAIL,GT_UNDECIDABLE
A,pdf_dxf_reconciled,PLAN6,coverage,FAIL,FAIL,CORRECT_DECISION
A,pdf_dxf_reconciled,PLAN6,far,FAIL,FAIL,CORRECT_DECISION
A,pdf_dxf_reconciled,PLAN7,road.width,NOT_APPLICABLE,INSUFFICIENT_DATA,SPURIOUS_APPLICABILITY_INSUFFICIENT_DATA
A,pdf_dxf_reconciled,PLAN7,plot.depth,NOT_APPLICABLE,INSUFFICIENT_DATA,SPURIOUS_APPLICABILITY_INSUFFICIENT_DATA
A,pdf_dxf_reconciled,PLAN7,plot.width,NOT_APPLICABLE,INSUFFICIENT_DATA,SPURIOUS_APPLICABILITY_INSUFFICIENT_DATA
A,pdf_dxf_reconciled,PLAN7,setbacks.front,INSUFFICIENT_DATA,INSUFFICIENT_DATA,GT_UNDECIDABLE
A,pdf_dxf_reconciled,PLAN7,setbacks.left,INSUFFICIENT_DATA,INSUFFICIENT_DATA,GT_UNDECIDABLE
A,pdf_dxf_reconciled,PLAN7,setbacks.rear,INSUFFICIENT_DATA,NOT_APPLICABLE,GT_UNDECIDABLE
A,pdf_dxf_reconciled,PLAN7,setbacks.right,INSUFFICIENT_DATA,INSUFFICIENT_DATA,GT_UNDECIDABLE
A,pdf_dxf_reconciled,PLAN7,coverage,INSUFFICIENT_DATA,REQUIRES_REVIEW,GT_UNDECIDABLE
A,pdf_dxf_reconciled,PLAN7,far,INSUFFICIENT_DATA,REQUIRES_REVIEW,GT_UNDECIDABLE
A,pdf_dxf_reconciled,PLAN8,setbacks.front,INSUFFICIENT_DATA,INSUFFICIENT_DATA,GT_UNDECIDABLE
A,pdf_dxf_reconciled,PLAN8,setbacks.left,INSUFFICIENT_DATA,REQUIRES_REVIEW,GT_UNDECIDABLE
A,pdf_dxf_reconciled,PLAN8,setbacks.rear,INSUFFICIENT_DATA,REQUIRES_REVIEW,GT_UNDECIDABLE
A,pdf_dxf_reconciled,PLAN8,setbacks.right,INSUFFICIENT_DATA,REQUIRES_REVIEW,GT_UNDECIDABLE
A,pdf_dxf_reconciled,PLAN8,coverage,INSUFFICIENT_DATA,PASS,GT_UNDECIDABLE
A,pdf_dxf_reconciled,PLAN8,far,INSUFFICIENT_DATA,FAIL,GT_UNDECIDABLE
A,pdf_dxf_reconciled,PLAN9,road.width,NOT_APPLICABLE,INSUFFICIENT_DATA,SPURIOUS_APPLICABILITY_INSUFFICIENT_DATA
A,pdf_dxf_reconciled,PLAN9,plot.depth,NOT_APPLICABLE,INSUFFICIENT_DATA,SPURIOUS_APPLICABILITY_INSUFFICIENT_DATA
A,pdf_dxf_reconciled,PLAN9,plot.width,NOT_APPLICABLE,INSUFFICIENT_DATA,SPURIOUS_APPLICABILITY_INSUFFICIENT_DATA
A,pdf_dxf_reconciled,PLAN9,setbacks.front,FAIL,FAIL,CORRECT_DECISION
A,pdf_dxf_reconciled,PLAN9,setbacks.left,FAIL,FAIL,CORRECT_DECISION
A,pdf_dxf_reconciled,PLAN9,setbacks.rear,PASS,FAIL,FALSE_FAIL
A,pdf_dxf_reconciled,PLAN9,setbacks.right,FAIL,FAIL,CORRECT_DECISION
A,pdf_dxf_reconciled,PLAN9,coverage,PASS,PASS,CORRECT_DECISION
A,pdf_dxf_reconciled,PLAN9,far,INSUFFICIENT_DATA,REQUIRES_REVIEW,GT_UNDECIDABLE
A,pdf_hybrid__ungated,PLAN1,setbacks.front,FAIL,FAIL,CORRECT_DECISION
A,pdf_hybrid__ungated,PLAN1,setbacks.left,FAIL,FAIL,CORRECT_DECISION
A,pdf_hybrid__ungated,PLAN1,setbacks.rear,FAIL,FAIL,CORRECT_DECISION
A,pdf_hybrid__ungated,PLAN1,setbacks.right,FAIL,FAIL,CORRECT_DECISION
A,pdf_hybrid__ungated,PLAN1,coverage,FAIL,FAIL,CORRECT_DECISION
A,pdf_hybrid__ungated,PLAN1,far,FAIL,FAIL,CORRECT_DECISION
A,pdf_hybrid__ungated,PLAN2,setbacks.front,FAIL,FAIL,CORRECT_DECISION
A,pdf_hybrid__ungated,PLAN2,setbacks.left,FAIL,FAIL,CORRECT_DECISION
A,pdf_hybrid__ungated,PLAN2,setbacks.rear,FAIL,FAIL,CORRECT_DECISION
A,pdf_hybrid__ungated,PLAN2,setbacks.right,FAIL,FAIL,CORRECT_DECISION
A,pdf_hybrid__ungated,PLAN2,coverage,FAIL,FAIL,CORRECT_DECISION
A,pdf_hybrid__ungated,PLAN2,far,FAIL,FAIL,CORRECT_DECISION
A,pdf_hybrid__ungated,PLAN4,road.width,FAIL,FAIL,CORRECT_DECISION
A,pdf_hybrid__ungated,PLAN4,plot.depth,FAIL,FAIL,CORRECT_DECISION
A,pdf_hybrid__ungated,PLAN4,plot.width,FAIL,FAIL,CORRECT_DECISION
A,pdf_hybrid__ungated,PLAN4,setbacks.front,FAIL,FAIL,CORRECT_DECISION
A,pdf_hybrid__ungated,PLAN4,setbacks.left,PASS,PASS,CORRECT_DECISION
A,pdf_hybrid__ungated,PLAN4,setbacks.rear,FAIL,FAIL,CORRECT_DECISION
A,pdf_hybrid__ungated,PLAN4,setbacks.right,FAIL,FAIL,CORRECT_DECISION
A,pdf_hybrid__ungated,PLAN4,coverage,FAIL,FAIL,CORRECT_DECISION
A,pdf_hybrid__ungated,PLAN4,far,INSUFFICIENT_DATA,FAIL,GT_UNDECIDABLE
A,pdf_hybrid__ungated,PLAN5,setbacks.front,INSUFFICIENT_DATA,INSUFFICIENT_DATA,GT_UNDECIDABLE
A,pdf_hybrid__ungated,PLAN5,setbacks.left,FAIL,FAIL,CORRECT_DECISION
A,pdf_hybrid__ungated,PLAN5,setbacks.rear,PASS,PASS,CORRECT_DECISION
A,pdf_hybrid__ungated,PLAN5,setbacks.right,FAIL,FAIL,CORRECT_DECISION
A,pdf_hybrid__ungated,PLAN5,coverage,PASS,PASS,CORRECT_DECISION
A,pdf_hybrid__ungated,PLAN5,far,INSUFFICIENT_DATA,FAIL,GT_UNDECIDABLE
A,pdf_hybrid__ungated,PLAN6,setbacks.front,INSUFFICIENT_DATA,INSUFFICIENT_DATA,GT_UNDECIDABLE
A,pdf_hybrid__ungated,PLAN6,setbacks.left,INSUFFICIENT_DATA,FAIL,GT_UNDECIDABLE
A,pdf_hybrid__ungated,PLAN6,setbacks.rear,INSUFFICIENT_DATA,FAIL,GT_UNDECIDABLE
A,pdf_hybrid__ungated,PLAN6,setbacks.right,INSUFFICIENT_DATA,FAIL,GT_UNDECIDABLE
A,pdf_hybrid__ungated,PLAN6,coverage,FAIL,FAIL,CORRECT_DECISION
A,pdf_hybrid__ungated,PLAN6,far,FAIL,FAIL,CORRECT_DECISION
A,pdf_hybrid__ungated,PLAN7,road.width,NOT_APPLICABLE,INSUFFICIENT_DATA,SPURIOUS_APPLICABILITY_INSUFFICIENT_DATA
A,pdf_hybrid__ungated,PLAN7,plot.depth,NOT_APPLICABLE,INSUFFICIENT_DATA,SPURIOUS_APPLICABILITY_INSUFFICIENT_DATA
A,pdf_hybrid__ungated,PLAN7,plot.width,NOT_APPLICABLE,INSUFFICIENT_DATA,SPURIOUS_APPLICABILITY_INSUFFICIENT_DATA
A,pdf_hybrid__ungated,PLAN7,setbacks.front,INSUFFICIENT_DATA,INSUFFICIENT_DATA,GT_UNDECIDABLE
A,pdf_hybrid__ungated,PLAN7,setbacks.left,INSUFFICIENT_DATA,INSUFFICIENT_DATA,GT_UNDECIDABLE
A,pdf_hybrid__ungated,PLAN7,setbacks.rear,INSUFFICIENT_DATA,NOT_APPLICABLE,GT_UNDECIDABLE
A,pdf_hybrid__ungated,PLAN7,setbacks.right,INSUFFICIENT_DATA,INSUFFICIENT_DATA,GT_UNDECIDABLE
A,pdf_hybrid__ungated,PLAN7,coverage,INSUFFICIENT_DATA,FAIL,GT_UNDECIDABLE
A,pdf_hybrid__ungated,PLAN7,far,INSUFFICIENT_DATA,FAIL,GT_UNDECIDABLE
A,pdf_hybrid__ungated,PLAN8,setbacks.front,INSUFFICIENT_DATA,FAIL,GT_UNDECIDABLE
A,pdf_hybrid__ungated,PLAN8,setbacks.left,INSUFFICIENT_DATA,PASS,GT_UNDECIDABLE
A,pdf_hybrid__ungated,PLAN8,setbacks.rear,INSUFFICIENT_DATA,PASS,GT_UNDECIDABLE
A,pdf_hybrid__ungated,PLAN8,setbacks.right,INSUFFICIENT_DATA,FAIL,GT_UNDECIDABLE
A,pdf_hybrid__ungated,PLAN8,coverage,INSUFFICIENT_DATA,PASS,GT_UNDECIDABLE
A,pdf_hybrid__ungated,PLAN8,far,INSUFFICIENT_DATA,FAIL,GT_UNDECIDABLE
A,pdf_hybrid__ungated,PLAN9,road.width,NOT_APPLICABLE,INSUFFICIENT_DATA,SPURIOUS_APPLICABILITY_INSUFFICIENT_DATA
A,pdf_hybrid__ungated,PLAN9,plot.depth,NOT_APPLICABLE,INSUFFICIENT_DATA,SPURIOUS_APPLICABILITY_INSUFFICIENT_DATA
A,pdf_hybrid__ungated,PLAN9,plot.width,NOT_APPLICABLE,INSUFFICIENT_DATA,SPURIOUS_APPLICABILITY_INSUFFICIENT_DATA
A,pdf_hybrid__ungated,PLAN9,setbacks.front,FAIL,FAIL,CORRECT_DECISION
A,pdf_hybrid__ungated,PLAN9,setbacks.left,FAIL,FAIL,CORRECT_DECISION
A,pdf_hybrid__ungated,PLAN9,setbacks.rear,PASS,FAIL,FALSE_FAIL
A,pdf_hybrid__ungated,PLAN9,setbacks.right,FAIL,FAIL,CORRECT_DECISION
A,pdf_hybrid__ungated,PLAN9,coverage,PASS,PASS,CORRECT_DECISION
A,pdf_hybrid__ungated,PLAN9,far,INSUFFICIENT_DATA,PASS,GT_UNDECIDABLE
A,dxf_hybrid__ungated,PLAN1,road.width,NOT_APPLICABLE,INSUFFICIENT_DATA,SPURIOUS_APPLICABILITY_INSUFFICIENT_DATA
A,dxf_hybrid__ungated,PLAN1,plot.depth,NOT_APPLICABLE,INSUFFICIENT_DATA,SPURIOUS_APPLICABILITY_INSUFFICIENT_DATA
A,dxf_hybrid__ungated,PLAN1,plot.width,NOT_APPLICABLE,INSUFFICIENT_DATA,SPURIOUS_APPLICABILITY_INSUFFICIENT_DATA
A,dxf_hybrid__ungated,PLAN1,setbacks.front,FAIL,FAIL,CORRECT_DECISION
A,dxf_hybrid__ungated,PLAN1,setbacks.left,FAIL,PASS,FALSE_PASS
A,dxf_hybrid__ungated,PLAN1,setbacks.rear,FAIL,PASS,FALSE_PASS
A,dxf_hybrid__ungated,PLAN1,setbacks.right,FAIL,FAIL,CORRECT_DECISION
A,dxf_hybrid__ungated,PLAN1,coverage,FAIL,FAIL,CORRECT_DECISION
A,dxf_hybrid__ungated,PLAN1,far,FAIL,PASS,FALSE_PASS
A,dxf_hybrid__ungated,PLAN2,road.width,NOT_APPLICABLE,INSUFFICIENT_DATA,SPURIOUS_APPLICABILITY_INSUFFICIENT_DATA
A,dxf_hybrid__ungated,PLAN2,plot.depth,NOT_APPLICABLE,INSUFFICIENT_DATA,SPURIOUS_APPLICABILITY_INSUFFICIENT_DATA
A,dxf_hybrid__ungated,PLAN2,plot.width,NOT_APPLICABLE,INSUFFICIENT_DATA,SPURIOUS_APPLICABILITY_INSUFFICIENT_DATA
A,dxf_hybrid__ungated,PLAN2,setbacks.front,FAIL,FAIL,CORRECT_DECISION
A,dxf_hybrid__ungated,PLAN2,setbacks.left,FAIL,FAIL,CORRECT_DECISION
A,dxf_hybrid__ungated,PLAN2,setbacks.rear,FAIL,FAIL,CORRECT_DECISION
A,dxf_hybrid__ungated,PLAN2,setbacks.right,FAIL,FAIL,CORRECT_DECISION
A,dxf_hybrid__ungated,PLAN2,coverage,FAIL,FAIL,CORRECT_DECISION
A,dxf_hybrid__ungated,PLAN2,far,FAIL,PASS,FALSE_PASS
A,dxf_hybrid__ungated,PLAN4,road.width,FAIL,INSUFFICIENT_DATA,ABSTAIN_INSUFFICIENT_DATA
A,dxf_hybrid__ungated,PLAN4,plot.depth,FAIL,INSUFFICIENT_DATA,ABSTAIN_INSUFFICIENT_DATA
A,dxf_hybrid__ungated,PLAN4,plot.width,FAIL,INSUFFICIENT_DATA,ABSTAIN_INSUFFICIENT_DATA
A,dxf_hybrid__ungated,PLAN4,setbacks.front,FAIL,INSUFFICIENT_DATA,ABSTAIN_INSUFFICIENT_DATA
A,dxf_hybrid__ungated,PLAN4,setbacks.left,PASS,NOT_APPLICABLE,APPLICABILITY_FLIP
A,dxf_hybrid__ungated,PLAN4,setbacks.rear,FAIL,INSUFFICIENT_DATA,ABSTAIN_INSUFFICIENT_DATA
A,dxf_hybrid__ungated,PLAN4,setbacks.right,FAIL,INSUFFICIENT_DATA,ABSTAIN_INSUFFICIENT_DATA
A,dxf_hybrid__ungated,PLAN4,coverage,FAIL,INSUFFICIENT_DATA,ABSTAIN_INSUFFICIENT_DATA
A,dxf_hybrid__ungated,PLAN4,far,INSUFFICIENT_DATA,INSUFFICIENT_DATA,GT_UNDECIDABLE
A,dxf_hybrid__ungated,PLAN5,road.width,NOT_APPLICABLE,INSUFFICIENT_DATA,SPURIOUS_APPLICABILITY_INSUFFICIENT_DATA
A,dxf_hybrid__ungated,PLAN5,plot.depth,NOT_APPLICABLE,INSUFFICIENT_DATA,SPURIOUS_APPLICABILITY_INSUFFICIENT_DATA
A,dxf_hybrid__ungated,PLAN5,plot.width,NOT_APPLICABLE,INSUFFICIENT_DATA,SPURIOUS_APPLICABILITY_INSUFFICIENT_DATA
A,dxf_hybrid__ungated,PLAN5,setbacks.front,INSUFFICIENT_DATA,INSUFFICIENT_DATA,GT_UNDECIDABLE
A,dxf_hybrid__ungated,PLAN5,setbacks.left,FAIL,NOT_APPLICABLE,APPLICABILITY_FLIP
A,dxf_hybrid__ungated,PLAN5,setbacks.rear,PASS,NOT_APPLICABLE,APPLICABILITY_FLIP
A,dxf_hybrid__ungated,PLAN5,setbacks.right,FAIL,INSUFFICIENT_DATA,ABSTAIN_INSUFFICIENT_DATA
A,dxf_hybrid__ungated,PLAN5,coverage,PASS,INSUFFICIENT_DATA,ABSTAIN_INSUFFICIENT_DATA
A,dxf_hybrid__ungated,PLAN5,far,INSUFFICIENT_DATA,INSUFFICIENT_DATA,GT_UNDECIDABLE
A,dxf_hybrid__ungated,PLAN6,road.width,NOT_APPLICABLE,INSUFFICIENT_DATA,SPURIOUS_APPLICABILITY_INSUFFICIENT_DATA
A,dxf_hybrid__ungated,PLAN6,plot.depth,NOT_APPLICABLE,INSUFFICIENT_DATA,SPURIOUS_APPLICABILITY_INSUFFICIENT_DATA
A,dxf_hybrid__ungated,PLAN6,plot.width,NOT_APPLICABLE,INSUFFICIENT_DATA,SPURIOUS_APPLICABILITY_INSUFFICIENT_DATA
A,dxf_hybrid__ungated,PLAN6,setbacks.front,INSUFFICIENT_DATA,FAIL,GT_UNDECIDABLE
A,dxf_hybrid__ungated,PLAN6,setbacks.left,INSUFFICIENT_DATA,INSUFFICIENT_DATA,GT_UNDECIDABLE
A,dxf_hybrid__ungated,PLAN6,setbacks.rear,INSUFFICIENT_DATA,NOT_APPLICABLE,GT_UNDECIDABLE
A,dxf_hybrid__ungated,PLAN6,setbacks.right,INSUFFICIENT_DATA,FAIL,GT_UNDECIDABLE
A,dxf_hybrid__ungated,PLAN6,coverage,FAIL,PASS,FALSE_PASS
A,dxf_hybrid__ungated,PLAN6,far,FAIL,PASS,FALSE_PASS
A,dxf_hybrid__ungated,PLAN7,road.width,NOT_APPLICABLE,INSUFFICIENT_DATA,SPURIOUS_APPLICABILITY_INSUFFICIENT_DATA
A,dxf_hybrid__ungated,PLAN7,plot.depth,NOT_APPLICABLE,INSUFFICIENT_DATA,SPURIOUS_APPLICABILITY_INSUFFICIENT_DATA
A,dxf_hybrid__ungated,PLAN7,plot.width,NOT_APPLICABLE,INSUFFICIENT_DATA,SPURIOUS_APPLICABILITY_INSUFFICIENT_DATA
A,dxf_hybrid__ungated,PLAN7,setbacks.front,INSUFFICIENT_DATA,INSUFFICIENT_DATA,GT_UNDECIDABLE
A,dxf_hybrid__ungated,PLAN7,setbacks.left,INSUFFICIENT_DATA,INSUFFICIENT_DATA,GT_UNDECIDABLE
A,dxf_hybrid__ungated,PLAN7,setbacks.rear,INSUFFICIENT_DATA,INSUFFICIENT_DATA,GT_UNDECIDABLE
A,dxf_hybrid__ungated,PLAN7,setbacks.right,INSUFFICIENT_DATA,INSUFFICIENT_DATA,GT_UNDECIDABLE
A,dxf_hybrid__ungated,PLAN7,coverage,INSUFFICIENT_DATA,INSUFFICIENT_DATA,GT_UNDECIDABLE
A,dxf_hybrid__ungated,PLAN7,far,INSUFFICIENT_DATA,INSUFFICIENT_DATA,GT_UNDECIDABLE
A,dxf_hybrid__ungated,PLAN8,road.width,NOT_APPLICABLE,INSUFFICIENT_DATA,SPURIOUS_APPLICABILITY_INSUFFICIENT_DATA
A,dxf_hybrid__ungated,PLAN8,plot.depth,NOT_APPLICABLE,INSUFFICIENT_DATA,SPURIOUS_APPLICABILITY_INSUFFICIENT_DATA
A,dxf_hybrid__ungated,PLAN8,plot.width,NOT_APPLICABLE,INSUFFICIENT_DATA,SPURIOUS_APPLICABILITY_INSUFFICIENT_DATA
A,dxf_hybrid__ungated,PLAN8,setbacks.front,INSUFFICIENT_DATA,FAIL,GT_UNDECIDABLE
A,dxf_hybrid__ungated,PLAN8,setbacks.left,INSUFFICIENT_DATA,FAIL,GT_UNDECIDABLE
A,dxf_hybrid__ungated,PLAN8,setbacks.rear,INSUFFICIENT_DATA,PASS,GT_UNDECIDABLE
A,dxf_hybrid__ungated,PLAN8,setbacks.right,INSUFFICIENT_DATA,PASS,GT_UNDECIDABLE
A,dxf_hybrid__ungated,PLAN8,coverage,INSUFFICIENT_DATA,PASS,GT_UNDECIDABLE
A,dxf_hybrid__ungated,PLAN8,far,INSUFFICIENT_DATA,FAIL,GT_UNDECIDABLE
A,dxf_hybrid__ungated,PLAN9,road.width,NOT_APPLICABLE,INSUFFICIENT_DATA,SPURIOUS_APPLICABILITY_INSUFFICIENT_DATA
A,dxf_hybrid__ungated,PLAN9,plot.depth,NOT_APPLICABLE,INSUFFICIENT_DATA,SPURIOUS_APPLICABILITY_INSUFFICIENT_DATA
A,dxf_hybrid__ungated,PLAN9,plot.width,NOT_APPLICABLE,INSUFFICIENT_DATA,SPURIOUS_APPLICABILITY_INSUFFICIENT_DATA
A,dxf_hybrid__ungated,PLAN9,setbacks.front,FAIL,INSUFFICIENT_DATA,ABSTAIN_INSUFFICIENT_DATA
A,dxf_hybrid__ungated,PLAN9,setbacks.left,FAIL,FAIL,CORRECT_DECISION
A,dxf_hybrid__ungated,PLAN9,setbacks.rear,PASS,PASS,CORRECT_DECISION
A,dxf_hybrid__ungated,PLAN9,setbacks.right,FAIL,FAIL,CORRECT_DECISION
A,dxf_hybrid__ungated,PLAN9,coverage,PASS,PASS,CORRECT_DECISION
A,dxf_hybrid__ungated,PLAN9,far,INSUFFICIENT_DATA,PASS,GT_UNDECIDABLE
A,dxf_evidence_decision__ungated,PLAN1,road.width,NOT_APPLICABLE,INSUFFICIENT_DATA,SPURIOUS_APPLICABILITY_INSUFFICIENT_DATA
A,dxf_evidence_decision__ungated,PLAN1,plot.depth,NOT_APPLICABLE,INSUFFICIENT_DATA,SPURIOUS_APPLICABILITY_INSUFFICIENT_DATA
A,dxf_evidence_decision__ungated,PLAN1,plot.width,NOT_APPLICABLE,INSUFFICIENT_DATA,SPURIOUS_APPLICABILITY_INSUFFICIENT_DATA
A,dxf_evidence_decision__ungated,PLAN1,setbacks.front,FAIL,FAIL,CORRECT_DECISION
A,dxf_evidence_decision__ungated,PLAN1,setbacks.left,FAIL,PASS,FALSE_PASS
A,dxf_evidence_decision__ungated,PLAN1,setbacks.rear,FAIL,PASS,FALSE_PASS
A,dxf_evidence_decision__ungated,PLAN1,setbacks.right,FAIL,FAIL,CORRECT_DECISION
A,dxf_evidence_decision__ungated,PLAN1,coverage,FAIL,FAIL,CORRECT_DECISION
A,dxf_evidence_decision__ungated,PLAN1,far,FAIL,PASS,FALSE_PASS
A,dxf_evidence_decision__ungated,PLAN2,road.width,NOT_APPLICABLE,INSUFFICIENT_DATA,SPURIOUS_APPLICABILITY_INSUFFICIENT_DATA
A,dxf_evidence_decision__ungated,PLAN2,plot.depth,NOT_APPLICABLE,INSUFFICIENT_DATA,SPURIOUS_APPLICABILITY_INSUFFICIENT_DATA
A,dxf_evidence_decision__ungated,PLAN2,plot.width,NOT_APPLICABLE,INSUFFICIENT_DATA,SPURIOUS_APPLICABILITY_INSUFFICIENT_DATA
A,dxf_evidence_decision__ungated,PLAN2,setbacks.front,FAIL,FAIL,CORRECT_DECISION
A,dxf_evidence_decision__ungated,PLAN2,setbacks.left,FAIL,FAIL,CORRECT_DECISION
A,dxf_evidence_decision__ungated,PLAN2,setbacks.rear,FAIL,FAIL,CORRECT_DECISION
A,dxf_evidence_decision__ungated,PLAN2,setbacks.right,FAIL,FAIL,CORRECT_DECISION
A,dxf_evidence_decision__ungated,PLAN2,coverage,FAIL,FAIL,CORRECT_DECISION
A,dxf_evidence_decision__ungated,PLAN2,far,FAIL,PASS,FALSE_PASS
A,dxf_evidence_decision__ungated,PLAN4,road.width,FAIL,INSUFFICIENT_DATA,ABSTAIN_INSUFFICIENT_DATA
A,dxf_evidence_decision__ungated,PLAN4,plot.depth,FAIL,INSUFFICIENT_DATA,ABSTAIN_INSUFFICIENT_DATA
A,dxf_evidence_decision__ungated,PLAN4,plot.width,FAIL,INSUFFICIENT_DATA,ABSTAIN_INSUFFICIENT_DATA
A,dxf_evidence_decision__ungated,PLAN4,setbacks.front,FAIL,INSUFFICIENT_DATA,ABSTAIN_INSUFFICIENT_DATA
A,dxf_evidence_decision__ungated,PLAN4,setbacks.left,PASS,INSUFFICIENT_DATA,ABSTAIN_INSUFFICIENT_DATA
A,dxf_evidence_decision__ungated,PLAN4,setbacks.rear,FAIL,INSUFFICIENT_DATA,ABSTAIN_INSUFFICIENT_DATA
A,dxf_evidence_decision__ungated,PLAN4,setbacks.right,FAIL,INSUFFICIENT_DATA,ABSTAIN_INSUFFICIENT_DATA
A,dxf_evidence_decision__ungated,PLAN4,coverage,FAIL,INSUFFICIENT_DATA,ABSTAIN_INSUFFICIENT_DATA
A,dxf_evidence_decision__ungated,PLAN4,far,INSUFFICIENT_DATA,INSUFFICIENT_DATA,GT_UNDECIDABLE
A,dxf_evidence_decision__ungated,PLAN5,road.width,NOT_APPLICABLE,INSUFFICIENT_DATA,SPURIOUS_APPLICABILITY_INSUFFICIENT_DATA
A,dxf_evidence_decision__ungated,PLAN5,plot.depth,NOT_APPLICABLE,INSUFFICIENT_DATA,SPURIOUS_APPLICABILITY_INSUFFICIENT_DATA
A,dxf_evidence_decision__ungated,PLAN5,plot.width,NOT_APPLICABLE,INSUFFICIENT_DATA,SPURIOUS_APPLICABILITY_INSUFFICIENT_DATA
A,dxf_evidence_decision__ungated,PLAN5,setbacks.front,INSUFFICIENT_DATA,INSUFFICIENT_DATA,GT_UNDECIDABLE
A,dxf_evidence_decision__ungated,PLAN5,setbacks.left,FAIL,NOT_APPLICABLE,APPLICABILITY_FLIP
A,dxf_evidence_decision__ungated,PLAN5,setbacks.rear,PASS,NOT_APPLICABLE,APPLICABILITY_FLIP
A,dxf_evidence_decision__ungated,PLAN5,setbacks.right,FAIL,INSUFFICIENT_DATA,ABSTAIN_INSUFFICIENT_DATA
A,dxf_evidence_decision__ungated,PLAN5,coverage,PASS,INSUFFICIENT_DATA,ABSTAIN_INSUFFICIENT_DATA
A,dxf_evidence_decision__ungated,PLAN5,far,INSUFFICIENT_DATA,INSUFFICIENT_DATA,GT_UNDECIDABLE
A,dxf_evidence_decision__ungated,PLAN6,road.width,NOT_APPLICABLE,INSUFFICIENT_DATA,SPURIOUS_APPLICABILITY_INSUFFICIENT_DATA
A,dxf_evidence_decision__ungated,PLAN6,plot.depth,NOT_APPLICABLE,INSUFFICIENT_DATA,SPURIOUS_APPLICABILITY_INSUFFICIENT_DATA
A,dxf_evidence_decision__ungated,PLAN6,plot.width,NOT_APPLICABLE,INSUFFICIENT_DATA,SPURIOUS_APPLICABILITY_INSUFFICIENT_DATA
A,dxf_evidence_decision__ungated,PLAN6,setbacks.front,INSUFFICIENT_DATA,INSUFFICIENT_DATA,GT_UNDECIDABLE
A,dxf_evidence_decision__ungated,PLAN6,setbacks.left,INSUFFICIENT_DATA,INSUFFICIENT_DATA,GT_UNDECIDABLE
A,dxf_evidence_decision__ungated,PLAN6,setbacks.rear,INSUFFICIENT_DATA,INSUFFICIENT_DATA,GT_UNDECIDABLE
A,dxf_evidence_decision__ungated,PLAN6,setbacks.right,INSUFFICIENT_DATA,INSUFFICIENT_DATA,GT_UNDECIDABLE
A,dxf_evidence_decision__ungated,PLAN6,coverage,FAIL,INSUFFICIENT_DATA,ABSTAIN_INSUFFICIENT_DATA
A,dxf_evidence_decision__ungated,PLAN6,far,FAIL,INSUFFICIENT_DATA,ABSTAIN_INSUFFICIENT_DATA
A,dxf_evidence_decision__ungated,PLAN7,road.width,NOT_APPLICABLE,INSUFFICIENT_DATA,SPURIOUS_APPLICABILITY_INSUFFICIENT_DATA
A,dxf_evidence_decision__ungated,PLAN7,plot.depth,NOT_APPLICABLE,INSUFFICIENT_DATA,SPURIOUS_APPLICABILITY_INSUFFICIENT_DATA
A,dxf_evidence_decision__ungated,PLAN7,plot.width,NOT_APPLICABLE,INSUFFICIENT_DATA,SPURIOUS_APPLICABILITY_INSUFFICIENT_DATA
A,dxf_evidence_decision__ungated,PLAN7,setbacks.front,INSUFFICIENT_DATA,INSUFFICIENT_DATA,GT_UNDECIDABLE
A,dxf_evidence_decision__ungated,PLAN7,setbacks.left,INSUFFICIENT_DATA,INSUFFICIENT_DATA,GT_UNDECIDABLE
A,dxf_evidence_decision__ungated,PLAN7,setbacks.rear,INSUFFICIENT_DATA,INSUFFICIENT_DATA,GT_UNDECIDABLE
A,dxf_evidence_decision__ungated,PLAN7,setbacks.right,INSUFFICIENT_DATA,INSUFFICIENT_DATA,GT_UNDECIDABLE
A,dxf_evidence_decision__ungated,PLAN7,coverage,INSUFFICIENT_DATA,INSUFFICIENT_DATA,GT_UNDECIDABLE
A,dxf_evidence_decision__ungated,PLAN7,far,INSUFFICIENT_DATA,INSUFFICIENT_DATA,GT_UNDECIDABLE
A,dxf_evidence_decision__ungated,PLAN8,road.width,NOT_APPLICABLE,INSUFFICIENT_DATA,SPURIOUS_APPLICABILITY_INSUFFICIENT_DATA
A,dxf_evidence_decision__ungated,PLAN8,plot.depth,NOT_APPLICABLE,INSUFFICIENT_DATA,SPURIOUS_APPLICABILITY_INSUFFICIENT_DATA
A,dxf_evidence_decision__ungated,PLAN8,plot.width,NOT_APPLICABLE,INSUFFICIENT_DATA,SPURIOUS_APPLICABILITY_INSUFFICIENT_DATA
A,dxf_evidence_decision__ungated,PLAN8,setbacks.front,INSUFFICIENT_DATA,FAIL,GT_UNDECIDABLE
A,dxf_evidence_decision__ungated,PLAN8,setbacks.left,INSUFFICIENT_DATA,FAIL,GT_UNDECIDABLE
A,dxf_evidence_decision__ungated,PLAN8,setbacks.rear,INSUFFICIENT_DATA,PASS,GT_UNDECIDABLE
A,dxf_evidence_decision__ungated,PLAN8,setbacks.right,INSUFFICIENT_DATA,PASS,GT_UNDECIDABLE
A,dxf_evidence_decision__ungated,PLAN8,coverage,INSUFFICIENT_DATA,PASS,GT_UNDECIDABLE
A,dxf_evidence_decision__ungated,PLAN8,far,INSUFFICIENT_DATA,FAIL,GT_UNDECIDABLE
A,dxf_evidence_decision__ungated,PLAN9,road.width,NOT_APPLICABLE,INSUFFICIENT_DATA,SPURIOUS_APPLICABILITY_INSUFFICIENT_DATA
A,dxf_evidence_decision__ungated,PLAN9,plot.depth,NOT_APPLICABLE,INSUFFICIENT_DATA,SPURIOUS_APPLICABILITY_INSUFFICIENT_DATA
A,dxf_evidence_decision__ungated,PLAN9,plot.width,NOT_APPLICABLE,INSUFFICIENT_DATA,SPURIOUS_APPLICABILITY_INSUFFICIENT_DATA
A,dxf_evidence_decision__ungated,PLAN9,setbacks.front,FAIL,INSUFFICIENT_DATA,ABSTAIN_INSUFFICIENT_DATA
A,dxf_evidence_decision__ungated,PLAN9,setbacks.left,FAIL,INSUFFICIENT_DATA,ABSTAIN_INSUFFICIENT_DATA
A,dxf_evidence_decision__ungated,PLAN9,setbacks.rear,PASS,INSUFFICIENT_DATA,ABSTAIN_INSUFFICIENT_DATA
A,dxf_evidence_decision__ungated,PLAN9,setbacks.right,FAIL,INSUFFICIENT_DATA,ABSTAIN_INSUFFICIENT_DATA
A,dxf_evidence_decision__ungated,PLAN9,coverage,PASS,INSUFFICIENT_DATA,ABSTAIN_INSUFFICIENT_DATA
A,dxf_evidence_decision__ungated,PLAN9,far,INSUFFICIENT_DATA,INSUFFICIENT_DATA,GT_UNDECIDABLE
A,pdf_evidence_decision__ungated,PLAN1,setbacks.front,FAIL,FAIL,CORRECT_DECISION
A,pdf_evidence_decision__ungated,PLAN1,setbacks.left,FAIL,FAIL,CORRECT_DECISION
A,pdf_evidence_decision__ungated,PLAN1,setbacks.rear,FAIL,FAIL,CORRECT_DECISION
A,pdf_evidence_decision__ungated,PLAN1,setbacks.right,FAIL,FAIL,CORRECT_DECISION
A,pdf_evidence_decision__ungated,PLAN1,coverage,FAIL,FAIL,CORRECT_DECISION
A,pdf_evidence_decision__ungated,PLAN1,far,FAIL,FAIL,CORRECT_DECISION
A,pdf_evidence_decision__ungated,PLAN2,setbacks.front,FAIL,FAIL,CORRECT_DECISION
A,pdf_evidence_decision__ungated,PLAN2,setbacks.left,FAIL,FAIL,CORRECT_DECISION
A,pdf_evidence_decision__ungated,PLAN2,setbacks.rear,FAIL,FAIL,CORRECT_DECISION
A,pdf_evidence_decision__ungated,PLAN2,setbacks.right,FAIL,FAIL,CORRECT_DECISION
A,pdf_evidence_decision__ungated,PLAN2,coverage,FAIL,FAIL,CORRECT_DECISION
A,pdf_evidence_decision__ungated,PLAN2,far,FAIL,FAIL,CORRECT_DECISION
A,pdf_evidence_decision__ungated,PLAN4,road.width,FAIL,FAIL,CORRECT_DECISION
A,pdf_evidence_decision__ungated,PLAN4,plot.depth,FAIL,FAIL,CORRECT_DECISION
A,pdf_evidence_decision__ungated,PLAN4,plot.width,FAIL,FAIL,CORRECT_DECISION
A,pdf_evidence_decision__ungated,PLAN4,setbacks.front,FAIL,FAIL,CORRECT_DECISION
A,pdf_evidence_decision__ungated,PLAN4,setbacks.left,PASS,PASS,CORRECT_DECISION
A,pdf_evidence_decision__ungated,PLAN4,setbacks.rear,FAIL,FAIL,CORRECT_DECISION
A,pdf_evidence_decision__ungated,PLAN4,setbacks.right,FAIL,FAIL,CORRECT_DECISION
A,pdf_evidence_decision__ungated,PLAN4,coverage,FAIL,FAIL,CORRECT_DECISION
A,pdf_evidence_decision__ungated,PLAN4,far,INSUFFICIENT_DATA,FAIL,GT_UNDECIDABLE
A,pdf_evidence_decision__ungated,PLAN5,setbacks.front,INSUFFICIENT_DATA,INSUFFICIENT_DATA,GT_UNDECIDABLE
A,pdf_evidence_decision__ungated,PLAN5,setbacks.left,FAIL,FAIL,CORRECT_DECISION
A,pdf_evidence_decision__ungated,PLAN5,setbacks.rear,PASS,PASS,CORRECT_DECISION
A,pdf_evidence_decision__ungated,PLAN5,setbacks.right,FAIL,FAIL,CORRECT_DECISION
A,pdf_evidence_decision__ungated,PLAN5,coverage,PASS,PASS,CORRECT_DECISION
A,pdf_evidence_decision__ungated,PLAN5,far,INSUFFICIENT_DATA,FAIL,GT_UNDECIDABLE
A,pdf_evidence_decision__ungated,PLAN6,setbacks.front,INSUFFICIENT_DATA,INSUFFICIENT_DATA,GT_UNDECIDABLE
A,pdf_evidence_decision__ungated,PLAN6,setbacks.left,INSUFFICIENT_DATA,FAIL,GT_UNDECIDABLE
A,pdf_evidence_decision__ungated,PLAN6,setbacks.rear,INSUFFICIENT_DATA,FAIL,GT_UNDECIDABLE
A,pdf_evidence_decision__ungated,PLAN6,setbacks.right,INSUFFICIENT_DATA,FAIL,GT_UNDECIDABLE
A,pdf_evidence_decision__ungated,PLAN6,coverage,FAIL,FAIL,CORRECT_DECISION
A,pdf_evidence_decision__ungated,PLAN6,far,FAIL,FAIL,CORRECT_DECISION
A,pdf_evidence_decision__ungated,PLAN7,road.width,NOT_APPLICABLE,INSUFFICIENT_DATA,SPURIOUS_APPLICABILITY_INSUFFICIENT_DATA
A,pdf_evidence_decision__ungated,PLAN7,plot.depth,NOT_APPLICABLE,INSUFFICIENT_DATA,SPURIOUS_APPLICABILITY_INSUFFICIENT_DATA
A,pdf_evidence_decision__ungated,PLAN7,plot.width,NOT_APPLICABLE,INSUFFICIENT_DATA,SPURIOUS_APPLICABILITY_INSUFFICIENT_DATA
A,pdf_evidence_decision__ungated,PLAN7,setbacks.front,INSUFFICIENT_DATA,INSUFFICIENT_DATA,GT_UNDECIDABLE
A,pdf_evidence_decision__ungated,PLAN7,setbacks.left,INSUFFICIENT_DATA,INSUFFICIENT_DATA,GT_UNDECIDABLE
A,pdf_evidence_decision__ungated,PLAN7,setbacks.rear,INSUFFICIENT_DATA,INSUFFICIENT_DATA,GT_UNDECIDABLE
A,pdf_evidence_decision__ungated,PLAN7,setbacks.right,INSUFFICIENT_DATA,INSUFFICIENT_DATA,GT_UNDECIDABLE
A,pdf_evidence_decision__ungated,PLAN7,coverage,INSUFFICIENT_DATA,INSUFFICIENT_DATA,GT_UNDECIDABLE
A,pdf_evidence_decision__ungated,PLAN7,far,INSUFFICIENT_DATA,INSUFFICIENT_DATA,GT_UNDECIDABLE
A,pdf_evidence_decision__ungated,PLAN8,setbacks.front,INSUFFICIENT_DATA,FAIL,GT_UNDECIDABLE
A,pdf_evidence_decision__ungated,PLAN8,setbacks.left,INSUFFICIENT_DATA,PASS,GT_UNDECIDABLE
A,pdf_evidence_decision__ungated,PLAN8,setbacks.rear,INSUFFICIENT_DATA,PASS,GT_UNDECIDABLE
A,pdf_evidence_decision__ungated,PLAN8,setbacks.right,INSUFFICIENT_DATA,FAIL,GT_UNDECIDABLE
A,pdf_evidence_decision__ungated,PLAN8,coverage,INSUFFICIENT_DATA,PASS,GT_UNDECIDABLE
A,pdf_evidence_decision__ungated,PLAN8,far,INSUFFICIENT_DATA,FAIL,GT_UNDECIDABLE
A,pdf_evidence_decision__ungated,PLAN9,road.width,NOT_APPLICABLE,INSUFFICIENT_DATA,SPURIOUS_APPLICABILITY_INSUFFICIENT_DATA
A,pdf_evidence_decision__ungated,PLAN9,plot.depth,NOT_APPLICABLE,INSUFFICIENT_DATA,SPURIOUS_APPLICABILITY_INSUFFICIENT_DATA
A,pdf_evidence_decision__ungated,PLAN9,plot.width,NOT_APPLICABLE,INSUFFICIENT_DATA,SPURIOUS_APPLICABILITY_INSUFFICIENT_DATA
A,pdf_evidence_decision__ungated,PLAN9,setbacks.front,FAIL,FAIL,CORRECT_DECISION
A,pdf_evidence_decision__ungated,PLAN9,setbacks.left,FAIL,FAIL,CORRECT_DECISION
A,pdf_evidence_decision__ungated,PLAN9,setbacks.rear,PASS,FAIL,FALSE_FAIL
A,pdf_evidence_decision__ungated,PLAN9,setbacks.right,FAIL,FAIL,CORRECT_DECISION
A,pdf_evidence_decision__ungated,PLAN9,coverage,PASS,PASS,CORRECT_DECISION
A,pdf_evidence_decision__ungated,PLAN9,far,INSUFFICIENT_DATA,PASS,GT_UNDECIDABLE
A,pdf_dxf_reconciled__flag_as_conflict,PLAN1,setbacks.front,FAIL,INSUFFICIENT_DATA,ABSTAIN_INSUFFICIENT_DATA
A,pdf_dxf_reconciled__flag_as_conflict,PLAN1,setbacks.left,FAIL,CONFLICTING_EVIDENCE,ABSTAIN_CONFLICTING_EVIDENCE
A,pdf_dxf_reconciled__flag_as_conflict,PLAN1,setbacks.rear,FAIL,INSUFFICIENT_DATA,ABSTAIN_INSUFFICIENT_DATA
A,pdf_dxf_reconciled__flag_as_conflict,PLAN1,setbacks.right,FAIL,CONFLICTING_EVIDENCE,ABSTAIN_CONFLICTING_EVIDENCE
A,pdf_dxf_reconciled__flag_as_conflict,PLAN1,coverage,FAIL,INSUFFICIENT_DATA,ABSTAIN_INSUFFICIENT_DATA
A,pdf_dxf_reconciled__flag_as_conflict,PLAN1,far,FAIL,INSUFFICIENT_DATA,ABSTAIN_INSUFFICIENT_DATA
A,pdf_dxf_reconciled__flag_as_conflict,PLAN2,setbacks.front,FAIL,INSUFFICIENT_DATA,ABSTAIN_INSUFFICIENT_DATA
A,pdf_dxf_reconciled__flag_as_conflict,PLAN2,setbacks.left,FAIL,INSUFFICIENT_DATA,ABSTAIN_INSUFFICIENT_DATA
A,pdf_dxf_reconciled__flag_as_conflict,PLAN2,setbacks.rear,FAIL,INSUFFICIENT_DATA,ABSTAIN_INSUFFICIENT_DATA
A,pdf_dxf_reconciled__flag_as_conflict,PLAN2,setbacks.right,FAIL,INSUFFICIENT_DATA,ABSTAIN_INSUFFICIENT_DATA
A,pdf_dxf_reconciled__flag_as_conflict,PLAN2,coverage,FAIL,INSUFFICIENT_DATA,ABSTAIN_INSUFFICIENT_DATA
A,pdf_dxf_reconciled__flag_as_conflict,PLAN2,far,FAIL,INSUFFICIENT_DATA,ABSTAIN_INSUFFICIENT_DATA
A,pdf_dxf_reconciled__flag_as_conflict,PLAN4,road.width,FAIL,FAIL,CORRECT_DECISION
A,pdf_dxf_reconciled__flag_as_conflict,PLAN4,plot.depth,FAIL,CONFLICTING_EVIDENCE,ABSTAIN_CONFLICTING_EVIDENCE
A,pdf_dxf_reconciled__flag_as_conflict,PLAN4,plot.width,FAIL,CONFLICTING_EVIDENCE,ABSTAIN_CONFLICTING_EVIDENCE
A,pdf_dxf_reconciled__flag_as_conflict,PLAN4,setbacks.front,FAIL,INSUFFICIENT_DATA,ABSTAIN_INSUFFICIENT_DATA
A,pdf_dxf_reconciled__flag_as_conflict,PLAN4,setbacks.left,PASS,INSUFFICIENT_DATA,ABSTAIN_INSUFFICIENT_DATA
A,pdf_dxf_reconciled__flag_as_conflict,PLAN4,setbacks.rear,FAIL,INSUFFICIENT_DATA,ABSTAIN_INSUFFICIENT_DATA
A,pdf_dxf_reconciled__flag_as_conflict,PLAN4,setbacks.right,FAIL,INSUFFICIENT_DATA,ABSTAIN_INSUFFICIENT_DATA
A,pdf_dxf_reconciled__flag_as_conflict,PLAN4,coverage,FAIL,FAIL,CORRECT_DECISION
A,pdf_dxf_reconciled__flag_as_conflict,PLAN4,far,INSUFFICIENT_DATA,REQUIRES_REVIEW,GT_UNDECIDABLE
A,pdf_dxf_reconciled__flag_as_conflict,PLAN5,setbacks.front,INSUFFICIENT_DATA,INSUFFICIENT_DATA,GT_UNDECIDABLE
A,pdf_dxf_reconciled__flag_as_conflict,PLAN5,setbacks.left,FAIL,INSUFFICIENT_DATA,ABSTAIN_INSUFFICIENT_DATA
A,pdf_dxf_reconciled__flag_as_conflict,PLAN5,setbacks.rear,PASS,INSUFFICIENT_DATA,ABSTAIN_INSUFFICIENT_DATA
A,pdf_dxf_reconciled__flag_as_conflict,PLAN5,setbacks.right,FAIL,INSUFFICIENT_DATA,ABSTAIN_INSUFFICIENT_DATA
A,pdf_dxf_reconciled__flag_as_conflict,PLAN5,coverage,PASS,INSUFFICIENT_DATA,ABSTAIN_INSUFFICIENT_DATA
A,pdf_dxf_reconciled__flag_as_conflict,PLAN5,far,INSUFFICIENT_DATA,INSUFFICIENT_DATA,GT_UNDECIDABLE
A,pdf_dxf_reconciled__flag_as_conflict,PLAN6,setbacks.front,INSUFFICIENT_DATA,INSUFFICIENT_DATA,GT_UNDECIDABLE
A,pdf_dxf_reconciled__flag_as_conflict,PLAN6,setbacks.left,INSUFFICIENT_DATA,INSUFFICIENT_DATA,GT_UNDECIDABLE
A,pdf_dxf_reconciled__flag_as_conflict,PLAN6,setbacks.rear,INSUFFICIENT_DATA,INSUFFICIENT_DATA,GT_UNDECIDABLE
A,pdf_dxf_reconciled__flag_as_conflict,PLAN6,setbacks.right,INSUFFICIENT_DATA,INSUFFICIENT_DATA,GT_UNDECIDABLE
A,pdf_dxf_reconciled__flag_as_conflict,PLAN6,coverage,FAIL,INSUFFICIENT_DATA,ABSTAIN_INSUFFICIENT_DATA
A,pdf_dxf_reconciled__flag_as_conflict,PLAN6,far,FAIL,INSUFFICIENT_DATA,ABSTAIN_INSUFFICIENT_DATA
A,pdf_dxf_reconciled__flag_as_conflict,PLAN7,road.width,NOT_APPLICABLE,INSUFFICIENT_DATA,SPURIOUS_APPLICABILITY_INSUFFICIENT_DATA
A,pdf_dxf_reconciled__flag_as_conflict,PLAN7,plot.depth,NOT_APPLICABLE,INSUFFICIENT_DATA,SPURIOUS_APPLICABILITY_INSUFFICIENT_DATA
A,pdf_dxf_reconciled__flag_as_conflict,PLAN7,plot.width,NOT_APPLICABLE,INSUFFICIENT_DATA,SPURIOUS_APPLICABILITY_INSUFFICIENT_DATA
A,pdf_dxf_reconciled__flag_as_conflict,PLAN7,setbacks.front,INSUFFICIENT_DATA,INSUFFICIENT_DATA,GT_UNDECIDABLE
A,pdf_dxf_reconciled__flag_as_conflict,PLAN7,setbacks.left,INSUFFICIENT_DATA,INSUFFICIENT_DATA,GT_UNDECIDABLE
A,pdf_dxf_reconciled__flag_as_conflict,PLAN7,setbacks.rear,INSUFFICIENT_DATA,NOT_APPLICABLE,GT_UNDECIDABLE
A,pdf_dxf_reconciled__flag_as_conflict,PLAN7,setbacks.right,INSUFFICIENT_DATA,INSUFFICIENT_DATA,GT_UNDECIDABLE
A,pdf_dxf_reconciled__flag_as_conflict,PLAN7,coverage,INSUFFICIENT_DATA,REQUIRES_REVIEW,GT_UNDECIDABLE
A,pdf_dxf_reconciled__flag_as_conflict,PLAN7,far,INSUFFICIENT_DATA,REQUIRES_REVIEW,GT_UNDECIDABLE
A,pdf_dxf_reconciled__flag_as_conflict,PLAN8,setbacks.front,INSUFFICIENT_DATA,INSUFFICIENT_DATA,GT_UNDECIDABLE
A,pdf_dxf_reconciled__flag_as_conflict,PLAN8,setbacks.left,INSUFFICIENT_DATA,INSUFFICIENT_DATA,GT_UNDECIDABLE
A,pdf_dxf_reconciled__flag_as_conflict,PLAN8,setbacks.rear,INSUFFICIENT_DATA,INSUFFICIENT_DATA,GT_UNDECIDABLE
A,pdf_dxf_reconciled__flag_as_conflict,PLAN8,setbacks.right,INSUFFICIENT_DATA,INSUFFICIENT_DATA,GT_UNDECIDABLE
A,pdf_dxf_reconciled__flag_as_conflict,PLAN8,coverage,INSUFFICIENT_DATA,INSUFFICIENT_DATA,GT_UNDECIDABLE
A,pdf_dxf_reconciled__flag_as_conflict,PLAN8,far,INSUFFICIENT_DATA,INSUFFICIENT_DATA,GT_UNDECIDABLE
A,pdf_dxf_reconciled__flag_as_conflict,PLAN9,road.width,NOT_APPLICABLE,INSUFFICIENT_DATA,SPURIOUS_APPLICABILITY_INSUFFICIENT_DATA
A,pdf_dxf_reconciled__flag_as_conflict,PLAN9,plot.depth,NOT_APPLICABLE,INSUFFICIENT_DATA,SPURIOUS_APPLICABILITY_INSUFFICIENT_DATA
A,pdf_dxf_reconciled__flag_as_conflict,PLAN9,plot.width,NOT_APPLICABLE,INSUFFICIENT_DATA,SPURIOUS_APPLICABILITY_INSUFFICIENT_DATA
A,pdf_dxf_reconciled__flag_as_conflict,PLAN9,setbacks.front,FAIL,CONFLICTING_EVIDENCE,ABSTAIN_CONFLICTING_EVIDENCE
A,pdf_dxf_reconciled__flag_as_conflict,PLAN9,setbacks.left,FAIL,INSUFFICIENT_DATA,ABSTAIN_INSUFFICIENT_DATA
A,pdf_dxf_reconciled__flag_as_conflict,PLAN9,setbacks.rear,PASS,CONFLICTING_EVIDENCE,ABSTAIN_CONFLICTING_EVIDENCE
A,pdf_dxf_reconciled__flag_as_conflict,PLAN9,setbacks.right,FAIL,INSUFFICIENT_DATA,ABSTAIN_INSUFFICIENT_DATA
A,pdf_dxf_reconciled__flag_as_conflict,PLAN9,coverage,PASS,INSUFFICIENT_DATA,ABSTAIN_INSUFFICIENT_DATA
A,pdf_dxf_reconciled__flag_as_conflict,PLAN9,far,INSUFFICIENT_DATA,INSUFFICIENT_DATA,GT_UNDECIDABLE
B,dxf_evidence_decision,PLAN1,road.width,NOT_APPLICABLE,INSUFFICIENT_DATA,SPURIOUS_APPLICABILITY_INSUFFICIENT_DATA
B,dxf_evidence_decision,PLAN1,plot.depth,NOT_APPLICABLE,INSUFFICIENT_DATA,SPURIOUS_APPLICABILITY_INSUFFICIENT_DATA
B,dxf_evidence_decision,PLAN1,plot.width,NOT_APPLICABLE,INSUFFICIENT_DATA,SPURIOUS_APPLICABILITY_INSUFFICIENT_DATA
B,dxf_evidence_decision,PLAN1,setbacks.front,FAIL,INSUFFICIENT_DATA,ABSTAIN_INSUFFICIENT_DATA
B,dxf_evidence_decision,PLAN1,setbacks.left,FAIL,REQUIRES_REVIEW,ABSTAIN_REQUIRES_REVIEW
B,dxf_evidence_decision,PLAN1,setbacks.rear,FAIL,REQUIRES_REVIEW,ABSTAIN_REQUIRES_REVIEW
B,dxf_evidence_decision,PLAN1,setbacks.right,FAIL,REQUIRES_REVIEW,ABSTAIN_REQUIRES_REVIEW
B,dxf_evidence_decision,PLAN1,coverage,FAIL,REQUIRES_REVIEW,ABSTAIN_REQUIRES_REVIEW
B,dxf_evidence_decision,PLAN1,far,FAIL,REQUIRES_REVIEW,ABSTAIN_REQUIRES_REVIEW
B,dxf_evidence_decision,PLAN2,road.width,NOT_APPLICABLE,INSUFFICIENT_DATA,SPURIOUS_APPLICABILITY_INSUFFICIENT_DATA
B,dxf_evidence_decision,PLAN2,plot.depth,NOT_APPLICABLE,INSUFFICIENT_DATA,SPURIOUS_APPLICABILITY_INSUFFICIENT_DATA
B,dxf_evidence_decision,PLAN2,plot.width,NOT_APPLICABLE,INSUFFICIENT_DATA,SPURIOUS_APPLICABILITY_INSUFFICIENT_DATA
B,dxf_evidence_decision,PLAN2,setbacks.front,FAIL,INSUFFICIENT_DATA,ABSTAIN_INSUFFICIENT_DATA
B,dxf_evidence_decision,PLAN2,setbacks.left,FAIL,REQUIRES_REVIEW,ABSTAIN_REQUIRES_REVIEW
B,dxf_evidence_decision,PLAN2,setbacks.rear,FAIL,REQUIRES_REVIEW,ABSTAIN_REQUIRES_REVIEW
B,dxf_evidence_decision,PLAN2,setbacks.right,FAIL,REQUIRES_REVIEW,ABSTAIN_REQUIRES_REVIEW
B,dxf_evidence_decision,PLAN2,coverage,FAIL,REQUIRES_REVIEW,ABSTAIN_REQUIRES_REVIEW
B,dxf_evidence_decision,PLAN2,far,FAIL,REQUIRES_REVIEW,ABSTAIN_REQUIRES_REVIEW
B,dxf_evidence_decision,PLAN4,road.width,FAIL,INSUFFICIENT_DATA,ABSTAIN_INSUFFICIENT_DATA
B,dxf_evidence_decision,PLAN4,plot.depth,FAIL,INSUFFICIENT_DATA,ABSTAIN_INSUFFICIENT_DATA
B,dxf_evidence_decision,PLAN4,plot.width,FAIL,INSUFFICIENT_DATA,ABSTAIN_INSUFFICIENT_DATA
B,dxf_evidence_decision,PLAN4,setbacks.front,FAIL,INSUFFICIENT_DATA,ABSTAIN_INSUFFICIENT_DATA
B,dxf_evidence_decision,PLAN4,setbacks.left,PASS,INSUFFICIENT_DATA,ABSTAIN_INSUFFICIENT_DATA
B,dxf_evidence_decision,PLAN4,setbacks.rear,FAIL,INSUFFICIENT_DATA,ABSTAIN_INSUFFICIENT_DATA
B,dxf_evidence_decision,PLAN4,setbacks.right,FAIL,INSUFFICIENT_DATA,ABSTAIN_INSUFFICIENT_DATA
B,dxf_evidence_decision,PLAN4,coverage,FAIL,INSUFFICIENT_DATA,ABSTAIN_INSUFFICIENT_DATA
B,dxf_evidence_decision,PLAN4,far,INSUFFICIENT_DATA,INSUFFICIENT_DATA,GT_UNDECIDABLE
B,dxf_evidence_decision,PLAN5,road.width,NOT_APPLICABLE,INSUFFICIENT_DATA,SPURIOUS_APPLICABILITY_INSUFFICIENT_DATA
B,dxf_evidence_decision,PLAN5,plot.depth,NOT_APPLICABLE,INSUFFICIENT_DATA,SPURIOUS_APPLICABILITY_INSUFFICIENT_DATA
B,dxf_evidence_decision,PLAN5,plot.width,NOT_APPLICABLE,INSUFFICIENT_DATA,SPURIOUS_APPLICABILITY_INSUFFICIENT_DATA
B,dxf_evidence_decision,PLAN5,setbacks.front,INSUFFICIENT_DATA,INSUFFICIENT_DATA,GT_UNDECIDABLE
B,dxf_evidence_decision,PLAN5,setbacks.left,FAIL,NOT_APPLICABLE,APPLICABILITY_FLIP
B,dxf_evidence_decision,PLAN5,setbacks.rear,PASS,NOT_APPLICABLE,APPLICABILITY_FLIP
B,dxf_evidence_decision,PLAN5,setbacks.right,FAIL,INSUFFICIENT_DATA,ABSTAIN_INSUFFICIENT_DATA
B,dxf_evidence_decision,PLAN5,coverage,PASS,INSUFFICIENT_DATA,ABSTAIN_INSUFFICIENT_DATA
B,dxf_evidence_decision,PLAN5,far,INSUFFICIENT_DATA,INSUFFICIENT_DATA,GT_UNDECIDABLE
B,dxf_evidence_decision,PLAN6,road.width,NOT_APPLICABLE,INSUFFICIENT_DATA,SPURIOUS_APPLICABILITY_INSUFFICIENT_DATA
B,dxf_evidence_decision,PLAN6,plot.depth,NOT_APPLICABLE,INSUFFICIENT_DATA,SPURIOUS_APPLICABILITY_INSUFFICIENT_DATA
B,dxf_evidence_decision,PLAN6,plot.width,NOT_APPLICABLE,INSUFFICIENT_DATA,SPURIOUS_APPLICABILITY_INSUFFICIENT_DATA
B,dxf_evidence_decision,PLAN6,setbacks.front,INSUFFICIENT_DATA,INSUFFICIENT_DATA,GT_UNDECIDABLE
B,dxf_evidence_decision,PLAN6,setbacks.left,INSUFFICIENT_DATA,INSUFFICIENT_DATA,GT_UNDECIDABLE
B,dxf_evidence_decision,PLAN6,setbacks.rear,INSUFFICIENT_DATA,INSUFFICIENT_DATA,GT_UNDECIDABLE
B,dxf_evidence_decision,PLAN6,setbacks.right,INSUFFICIENT_DATA,INSUFFICIENT_DATA,GT_UNDECIDABLE
B,dxf_evidence_decision,PLAN6,coverage,FAIL,INSUFFICIENT_DATA,ABSTAIN_INSUFFICIENT_DATA
B,dxf_evidence_decision,PLAN6,far,FAIL,INSUFFICIENT_DATA,ABSTAIN_INSUFFICIENT_DATA
B,dxf_evidence_decision,PLAN7,road.width,NOT_APPLICABLE,INSUFFICIENT_DATA,SPURIOUS_APPLICABILITY_INSUFFICIENT_DATA
B,dxf_evidence_decision,PLAN7,plot.depth,NOT_APPLICABLE,INSUFFICIENT_DATA,SPURIOUS_APPLICABILITY_INSUFFICIENT_DATA
B,dxf_evidence_decision,PLAN7,plot.width,NOT_APPLICABLE,INSUFFICIENT_DATA,SPURIOUS_APPLICABILITY_INSUFFICIENT_DATA
B,dxf_evidence_decision,PLAN7,setbacks.front,INSUFFICIENT_DATA,INSUFFICIENT_DATA,GT_UNDECIDABLE
B,dxf_evidence_decision,PLAN7,setbacks.left,INSUFFICIENT_DATA,INSUFFICIENT_DATA,GT_UNDECIDABLE
B,dxf_evidence_decision,PLAN7,setbacks.rear,INSUFFICIENT_DATA,INSUFFICIENT_DATA,GT_UNDECIDABLE
B,dxf_evidence_decision,PLAN7,setbacks.right,INSUFFICIENT_DATA,INSUFFICIENT_DATA,GT_UNDECIDABLE
B,dxf_evidence_decision,PLAN7,coverage,INSUFFICIENT_DATA,INSUFFICIENT_DATA,GT_UNDECIDABLE
B,dxf_evidence_decision,PLAN7,far,INSUFFICIENT_DATA,INSUFFICIENT_DATA,GT_UNDECIDABLE
B,dxf_evidence_decision,PLAN8,road.width,NOT_APPLICABLE,INSUFFICIENT_DATA,SPURIOUS_APPLICABILITY_INSUFFICIENT_DATA
B,dxf_evidence_decision,PLAN8,plot.depth,NOT_APPLICABLE,INSUFFICIENT_DATA,SPURIOUS_APPLICABILITY_INSUFFICIENT_DATA
B,dxf_evidence_decision,PLAN8,plot.width,NOT_APPLICABLE,INSUFFICIENT_DATA,SPURIOUS_APPLICABILITY_INSUFFICIENT_DATA
B,dxf_evidence_decision,PLAN8,setbacks.front,INSUFFICIENT_DATA,INSUFFICIENT_DATA,GT_UNDECIDABLE
B,dxf_evidence_decision,PLAN8,setbacks.left,INSUFFICIENT_DATA,REQUIRES_REVIEW,GT_UNDECIDABLE
B,dxf_evidence_decision,PLAN8,setbacks.rear,INSUFFICIENT_DATA,REQUIRES_REVIEW,GT_UNDECIDABLE
B,dxf_evidence_decision,PLAN8,setbacks.right,INSUFFICIENT_DATA,REQUIRES_REVIEW,GT_UNDECIDABLE
B,dxf_evidence_decision,PLAN8,coverage,INSUFFICIENT_DATA,PASS,GT_UNDECIDABLE
B,dxf_evidence_decision,PLAN8,far,INSUFFICIENT_DATA,FAIL,GT_UNDECIDABLE
B,dxf_evidence_decision,PLAN9,road.width,NOT_APPLICABLE,INSUFFICIENT_DATA,SPURIOUS_APPLICABILITY_INSUFFICIENT_DATA
B,dxf_evidence_decision,PLAN9,plot.depth,NOT_APPLICABLE,INSUFFICIENT_DATA,SPURIOUS_APPLICABILITY_INSUFFICIENT_DATA
B,dxf_evidence_decision,PLAN9,plot.width,NOT_APPLICABLE,INSUFFICIENT_DATA,SPURIOUS_APPLICABILITY_INSUFFICIENT_DATA
B,dxf_evidence_decision,PLAN9,setbacks.front,FAIL,INSUFFICIENT_DATA,ABSTAIN_INSUFFICIENT_DATA
B,dxf_evidence_decision,PLAN9,setbacks.left,FAIL,INSUFFICIENT_DATA,ABSTAIN_INSUFFICIENT_DATA
B,dxf_evidence_decision,PLAN9,setbacks.rear,PASS,INSUFFICIENT_DATA,ABSTAIN_INSUFFICIENT_DATA
B,dxf_evidence_decision,PLAN9,setbacks.right,FAIL,INSUFFICIENT_DATA,ABSTAIN_INSUFFICIENT_DATA
B,dxf_evidence_decision,PLAN9,coverage,PASS,INSUFFICIENT_DATA,ABSTAIN_INSUFFICIENT_DATA
B,dxf_evidence_decision,PLAN9,far,INSUFFICIENT_DATA,INSUFFICIENT_DATA,GT_UNDECIDABLE
B,dxf_hybrid,PLAN1,road.width,NOT_APPLICABLE,INSUFFICIENT_DATA,SPURIOUS_APPLICABILITY_INSUFFICIENT_DATA
B,dxf_hybrid,PLAN1,plot.depth,NOT_APPLICABLE,INSUFFICIENT_DATA,SPURIOUS_APPLICABILITY_INSUFFICIENT_DATA
B,dxf_hybrid,PLAN1,plot.width,NOT_APPLICABLE,INSUFFICIENT_DATA,SPURIOUS_APPLICABILITY_INSUFFICIENT_DATA
B,dxf_hybrid,PLAN1,setbacks.front,FAIL,INSUFFICIENT_DATA,ABSTAIN_INSUFFICIENT_DATA
B,dxf_hybrid,PLAN1,setbacks.left,FAIL,REQUIRES_REVIEW,ABSTAIN_REQUIRES_REVIEW
B,dxf_hybrid,PLAN1,setbacks.rear,FAIL,REQUIRES_REVIEW,ABSTAIN_REQUIRES_REVIEW
B,dxf_hybrid,PLAN1,setbacks.right,FAIL,REQUIRES_REVIEW,ABSTAIN_REQUIRES_REVIEW
B,dxf_hybrid,PLAN1,coverage,FAIL,REQUIRES_REVIEW,ABSTAIN_REQUIRES_REVIEW
B,dxf_hybrid,PLAN1,far,FAIL,REQUIRES_REVIEW,ABSTAIN_REQUIRES_REVIEW
B,dxf_hybrid,PLAN2,road.width,NOT_APPLICABLE,INSUFFICIENT_DATA,SPURIOUS_APPLICABILITY_INSUFFICIENT_DATA
B,dxf_hybrid,PLAN2,plot.depth,NOT_APPLICABLE,INSUFFICIENT_DATA,SPURIOUS_APPLICABILITY_INSUFFICIENT_DATA
B,dxf_hybrid,PLAN2,plot.width,NOT_APPLICABLE,INSUFFICIENT_DATA,SPURIOUS_APPLICABILITY_INSUFFICIENT_DATA
B,dxf_hybrid,PLAN2,setbacks.front,FAIL,INSUFFICIENT_DATA,ABSTAIN_INSUFFICIENT_DATA
B,dxf_hybrid,PLAN2,setbacks.left,FAIL,REQUIRES_REVIEW,ABSTAIN_REQUIRES_REVIEW
B,dxf_hybrid,PLAN2,setbacks.rear,FAIL,REQUIRES_REVIEW,ABSTAIN_REQUIRES_REVIEW
B,dxf_hybrid,PLAN2,setbacks.right,FAIL,REQUIRES_REVIEW,ABSTAIN_REQUIRES_REVIEW
B,dxf_hybrid,PLAN2,coverage,FAIL,REQUIRES_REVIEW,ABSTAIN_REQUIRES_REVIEW
B,dxf_hybrid,PLAN2,far,FAIL,REQUIRES_REVIEW,ABSTAIN_REQUIRES_REVIEW
B,dxf_hybrid,PLAN4,road.width,FAIL,INSUFFICIENT_DATA,ABSTAIN_INSUFFICIENT_DATA
B,dxf_hybrid,PLAN4,plot.depth,FAIL,INSUFFICIENT_DATA,ABSTAIN_INSUFFICIENT_DATA
B,dxf_hybrid,PLAN4,plot.width,FAIL,INSUFFICIENT_DATA,ABSTAIN_INSUFFICIENT_DATA
B,dxf_hybrid,PLAN4,setbacks.front,FAIL,INSUFFICIENT_DATA,ABSTAIN_INSUFFICIENT_DATA
B,dxf_hybrid,PLAN4,setbacks.left,PASS,NOT_APPLICABLE,APPLICABILITY_FLIP
B,dxf_hybrid,PLAN4,setbacks.rear,FAIL,INSUFFICIENT_DATA,ABSTAIN_INSUFFICIENT_DATA
B,dxf_hybrid,PLAN4,setbacks.right,FAIL,INSUFFICIENT_DATA,ABSTAIN_INSUFFICIENT_DATA
B,dxf_hybrid,PLAN4,coverage,FAIL,INSUFFICIENT_DATA,ABSTAIN_INSUFFICIENT_DATA
B,dxf_hybrid,PLAN4,far,INSUFFICIENT_DATA,INSUFFICIENT_DATA,GT_UNDECIDABLE
B,dxf_hybrid,PLAN5,road.width,NOT_APPLICABLE,INSUFFICIENT_DATA,SPURIOUS_APPLICABILITY_INSUFFICIENT_DATA
B,dxf_hybrid,PLAN5,plot.depth,NOT_APPLICABLE,INSUFFICIENT_DATA,SPURIOUS_APPLICABILITY_INSUFFICIENT_DATA
B,dxf_hybrid,PLAN5,plot.width,NOT_APPLICABLE,INSUFFICIENT_DATA,SPURIOUS_APPLICABILITY_INSUFFICIENT_DATA
B,dxf_hybrid,PLAN5,setbacks.front,INSUFFICIENT_DATA,INSUFFICIENT_DATA,GT_UNDECIDABLE
B,dxf_hybrid,PLAN5,setbacks.left,FAIL,NOT_APPLICABLE,APPLICABILITY_FLIP
B,dxf_hybrid,PLAN5,setbacks.rear,PASS,NOT_APPLICABLE,APPLICABILITY_FLIP
B,dxf_hybrid,PLAN5,setbacks.right,FAIL,INSUFFICIENT_DATA,ABSTAIN_INSUFFICIENT_DATA
B,dxf_hybrid,PLAN5,coverage,PASS,INSUFFICIENT_DATA,ABSTAIN_INSUFFICIENT_DATA
B,dxf_hybrid,PLAN5,far,INSUFFICIENT_DATA,INSUFFICIENT_DATA,GT_UNDECIDABLE
B,dxf_hybrid,PLAN6,road.width,NOT_APPLICABLE,INSUFFICIENT_DATA,SPURIOUS_APPLICABILITY_INSUFFICIENT_DATA
B,dxf_hybrid,PLAN6,plot.depth,NOT_APPLICABLE,INSUFFICIENT_DATA,SPURIOUS_APPLICABILITY_INSUFFICIENT_DATA
B,dxf_hybrid,PLAN6,plot.width,NOT_APPLICABLE,INSUFFICIENT_DATA,SPURIOUS_APPLICABILITY_INSUFFICIENT_DATA
B,dxf_hybrid,PLAN6,setbacks.front,INSUFFICIENT_DATA,INSUFFICIENT_DATA,GT_UNDECIDABLE
B,dxf_hybrid,PLAN6,setbacks.left,INSUFFICIENT_DATA,INSUFFICIENT_DATA,GT_UNDECIDABLE
B,dxf_hybrid,PLAN6,setbacks.rear,INSUFFICIENT_DATA,NOT_APPLICABLE,GT_UNDECIDABLE
B,dxf_hybrid,PLAN6,setbacks.right,INSUFFICIENT_DATA,REQUIRES_REVIEW,GT_UNDECIDABLE
B,dxf_hybrid,PLAN6,coverage,FAIL,REQUIRES_REVIEW,ABSTAIN_REQUIRES_REVIEW
B,dxf_hybrid,PLAN6,far,FAIL,REQUIRES_REVIEW,ABSTAIN_REQUIRES_REVIEW
B,dxf_hybrid,PLAN7,road.width,NOT_APPLICABLE,INSUFFICIENT_DATA,SPURIOUS_APPLICABILITY_INSUFFICIENT_DATA
B,dxf_hybrid,PLAN7,plot.depth,NOT_APPLICABLE,INSUFFICIENT_DATA,SPURIOUS_APPLICABILITY_INSUFFICIENT_DATA
B,dxf_hybrid,PLAN7,plot.width,NOT_APPLICABLE,INSUFFICIENT_DATA,SPURIOUS_APPLICABILITY_INSUFFICIENT_DATA
B,dxf_hybrid,PLAN7,setbacks.front,INSUFFICIENT_DATA,INSUFFICIENT_DATA,GT_UNDECIDABLE
B,dxf_hybrid,PLAN7,setbacks.left,INSUFFICIENT_DATA,INSUFFICIENT_DATA,GT_UNDECIDABLE
B,dxf_hybrid,PLAN7,setbacks.rear,INSUFFICIENT_DATA,INSUFFICIENT_DATA,GT_UNDECIDABLE
B,dxf_hybrid,PLAN7,setbacks.right,INSUFFICIENT_DATA,INSUFFICIENT_DATA,GT_UNDECIDABLE
B,dxf_hybrid,PLAN7,coverage,INSUFFICIENT_DATA,INSUFFICIENT_DATA,GT_UNDECIDABLE
B,dxf_hybrid,PLAN7,far,INSUFFICIENT_DATA,INSUFFICIENT_DATA,GT_UNDECIDABLE
B,dxf_hybrid,PLAN8,road.width,NOT_APPLICABLE,INSUFFICIENT_DATA,SPURIOUS_APPLICABILITY_INSUFFICIENT_DATA
B,dxf_hybrid,PLAN8,plot.depth,NOT_APPLICABLE,INSUFFICIENT_DATA,SPURIOUS_APPLICABILITY_INSUFFICIENT_DATA
B,dxf_hybrid,PLAN8,plot.width,NOT_APPLICABLE,INSUFFICIENT_DATA,SPURIOUS_APPLICABILITY_INSUFFICIENT_DATA
B,dxf_hybrid,PLAN8,setbacks.front,INSUFFICIENT_DATA,INSUFFICIENT_DATA,GT_UNDECIDABLE
B,dxf_hybrid,PLAN8,setbacks.left,INSUFFICIENT_DATA,REQUIRES_REVIEW,GT_UNDECIDABLE
B,dxf_hybrid,PLAN8,setbacks.rear,INSUFFICIENT_DATA,REQUIRES_REVIEW,GT_UNDECIDABLE
B,dxf_hybrid,PLAN8,setbacks.right,INSUFFICIENT_DATA,REQUIRES_REVIEW,GT_UNDECIDABLE
B,dxf_hybrid,PLAN8,coverage,INSUFFICIENT_DATA,PASS,GT_UNDECIDABLE
B,dxf_hybrid,PLAN8,far,INSUFFICIENT_DATA,FAIL,GT_UNDECIDABLE
B,dxf_hybrid,PLAN9,road.width,NOT_APPLICABLE,INSUFFICIENT_DATA,SPURIOUS_APPLICABILITY_INSUFFICIENT_DATA
B,dxf_hybrid,PLAN9,plot.depth,NOT_APPLICABLE,INSUFFICIENT_DATA,SPURIOUS_APPLICABILITY_INSUFFICIENT_DATA
B,dxf_hybrid,PLAN9,plot.width,NOT_APPLICABLE,INSUFFICIENT_DATA,SPURIOUS_APPLICABILITY_INSUFFICIENT_DATA
B,dxf_hybrid,PLAN9,setbacks.front,FAIL,INSUFFICIENT_DATA,ABSTAIN_INSUFFICIENT_DATA
B,dxf_hybrid,PLAN9,setbacks.left,FAIL,REQUIRES_REVIEW,ABSTAIN_REQUIRES_REVIEW
B,dxf_hybrid,PLAN9,setbacks.rear,PASS,REQUIRES_REVIEW,ABSTAIN_REQUIRES_REVIEW
B,dxf_hybrid,PLAN9,setbacks.right,FAIL,REQUIRES_REVIEW,ABSTAIN_REQUIRES_REVIEW
B,dxf_hybrid,PLAN9,coverage,PASS,REQUIRES_REVIEW,ABSTAIN_REQUIRES_REVIEW
B,dxf_hybrid,PLAN9,far,INSUFFICIENT_DATA,REQUIRES_REVIEW,GT_UNDECIDABLE
B,pdf_evidence_decision,PLAN1,setbacks.front,FAIL,FAIL,CORRECT_DECISION
B,pdf_evidence_decision,PLAN1,setbacks.left,FAIL,FAIL,CORRECT_DECISION
B,pdf_evidence_decision,PLAN1,setbacks.rear,FAIL,REQUIRES_REVIEW,ABSTAIN_REQUIRES_REVIEW
B,pdf_evidence_decision,PLAN1,setbacks.right,FAIL,FAIL,CORRECT_DECISION
B,pdf_evidence_decision,PLAN1,coverage,FAIL,FAIL,CORRECT_DECISION
B,pdf_evidence_decision,PLAN1,far,FAIL,FAIL,CORRECT_DECISION
B,pdf_evidence_decision,PLAN2,setbacks.front,FAIL,FAIL,CORRECT_DECISION
B,pdf_evidence_decision,PLAN2,setbacks.left,FAIL,FAIL,CORRECT_DECISION
B,pdf_evidence_decision,PLAN2,setbacks.rear,FAIL,FAIL,CORRECT_DECISION
B,pdf_evidence_decision,PLAN2,setbacks.right,FAIL,FAIL,CORRECT_DECISION
B,pdf_evidence_decision,PLAN2,coverage,FAIL,FAIL,CORRECT_DECISION
B,pdf_evidence_decision,PLAN2,far,FAIL,FAIL,CORRECT_DECISION
B,pdf_evidence_decision,PLAN4,road.width,FAIL,FAIL,CORRECT_DECISION
B,pdf_evidence_decision,PLAN4,plot.depth,FAIL,FAIL,CORRECT_DECISION
B,pdf_evidence_decision,PLAN4,plot.width,FAIL,FAIL,CORRECT_DECISION
B,pdf_evidence_decision,PLAN4,setbacks.front,FAIL,INSUFFICIENT_DATA,ABSTAIN_INSUFFICIENT_DATA
B,pdf_evidence_decision,PLAN4,setbacks.left,PASS,REQUIRES_REVIEW,ABSTAIN_REQUIRES_REVIEW
B,pdf_evidence_decision,PLAN4,setbacks.rear,FAIL,REQUIRES_REVIEW,ABSTAIN_REQUIRES_REVIEW
B,pdf_evidence_decision,PLAN4,setbacks.right,FAIL,REQUIRES_REVIEW,ABSTAIN_REQUIRES_REVIEW
B,pdf_evidence_decision,PLAN4,coverage,FAIL,FAIL,CORRECT_DECISION
B,pdf_evidence_decision,PLAN4,far,INSUFFICIENT_DATA,REQUIRES_REVIEW,GT_UNDECIDABLE
B,pdf_evidence_decision,PLAN5,setbacks.front,INSUFFICIENT_DATA,INSUFFICIENT_DATA,GT_UNDECIDABLE
B,pdf_evidence_decision,PLAN5,setbacks.left,FAIL,REQUIRES_REVIEW,ABSTAIN_REQUIRES_REVIEW
B,pdf_evidence_decision,PLAN5,setbacks.rear,PASS,REQUIRES_REVIEW,ABSTAIN_REQUIRES_REVIEW
B,pdf_evidence_decision,PLAN5,setbacks.right,FAIL,REQUIRES_REVIEW,ABSTAIN_REQUIRES_REVIEW
B,pdf_evidence_decision,PLAN5,coverage,PASS,PASS,CORRECT_DECISION
B,pdf_evidence_decision,PLAN5,far,INSUFFICIENT_DATA,FAIL,GT_UNDECIDABLE
B,pdf_evidence_decision,PLAN6,setbacks.front,INSUFFICIENT_DATA,INSUFFICIENT_DATA,GT_UNDECIDABLE
B,pdf_evidence_decision,PLAN6,setbacks.left,INSUFFICIENT_DATA,REQUIRES_REVIEW,GT_UNDECIDABLE
B,pdf_evidence_decision,PLAN6,setbacks.rear,INSUFFICIENT_DATA,REQUIRES_REVIEW,GT_UNDECIDABLE
B,pdf_evidence_decision,PLAN6,setbacks.right,INSUFFICIENT_DATA,REQUIRES_REVIEW,GT_UNDECIDABLE
B,pdf_evidence_decision,PLAN6,coverage,FAIL,FAIL,CORRECT_DECISION
B,pdf_evidence_decision,PLAN6,far,FAIL,FAIL,CORRECT_DECISION
B,pdf_evidence_decision,PLAN7,road.width,NOT_APPLICABLE,INSUFFICIENT_DATA,SPURIOUS_APPLICABILITY_INSUFFICIENT_DATA
B,pdf_evidence_decision,PLAN7,plot.depth,NOT_APPLICABLE,INSUFFICIENT_DATA,SPURIOUS_APPLICABILITY_INSUFFICIENT_DATA
B,pdf_evidence_decision,PLAN7,plot.width,NOT_APPLICABLE,INSUFFICIENT_DATA,SPURIOUS_APPLICABILITY_INSUFFICIENT_DATA
B,pdf_evidence_decision,PLAN7,setbacks.front,INSUFFICIENT_DATA,INSUFFICIENT_DATA,GT_UNDECIDABLE
B,pdf_evidence_decision,PLAN7,setbacks.left,INSUFFICIENT_DATA,INSUFFICIENT_DATA,GT_UNDECIDABLE
B,pdf_evidence_decision,PLAN7,setbacks.rear,INSUFFICIENT_DATA,INSUFFICIENT_DATA,GT_UNDECIDABLE
B,pdf_evidence_decision,PLAN7,setbacks.right,INSUFFICIENT_DATA,INSUFFICIENT_DATA,GT_UNDECIDABLE
B,pdf_evidence_decision,PLAN7,coverage,INSUFFICIENT_DATA,INSUFFICIENT_DATA,GT_UNDECIDABLE
B,pdf_evidence_decision,PLAN7,far,INSUFFICIENT_DATA,INSUFFICIENT_DATA,GT_UNDECIDABLE
B,pdf_evidence_decision,PLAN8,setbacks.front,INSUFFICIENT_DATA,INSUFFICIENT_DATA,GT_UNDECIDABLE
B,pdf_evidence_decision,PLAN8,setbacks.left,INSUFFICIENT_DATA,REQUIRES_REVIEW,GT_UNDECIDABLE
B,pdf_evidence_decision,PLAN8,setbacks.rear,INSUFFICIENT_DATA,REQUIRES_REVIEW,GT_UNDECIDABLE
B,pdf_evidence_decision,PLAN8,setbacks.right,INSUFFICIENT_DATA,REQUIRES_REVIEW,GT_UNDECIDABLE
B,pdf_evidence_decision,PLAN8,coverage,INSUFFICIENT_DATA,PASS,GT_UNDECIDABLE
B,pdf_evidence_decision,PLAN8,far,INSUFFICIENT_DATA,FAIL,GT_UNDECIDABLE
B,pdf_evidence_decision,PLAN9,road.width,NOT_APPLICABLE,INSUFFICIENT_DATA,SPURIOUS_APPLICABILITY_INSUFFICIENT_DATA
B,pdf_evidence_decision,PLAN9,plot.depth,NOT_APPLICABLE,INSUFFICIENT_DATA,SPURIOUS_APPLICABILITY_INSUFFICIENT_DATA
B,pdf_evidence_decision,PLAN9,plot.width,NOT_APPLICABLE,INSUFFICIENT_DATA,SPURIOUS_APPLICABILITY_INSUFFICIENT_DATA
B,pdf_evidence_decision,PLAN9,setbacks.front,FAIL,INSUFFICIENT_DATA,ABSTAIN_INSUFFICIENT_DATA
B,pdf_evidence_decision,PLAN9,setbacks.left,FAIL,FAIL,CORRECT_DECISION
B,pdf_evidence_decision,PLAN9,setbacks.rear,PASS,REQUIRES_REVIEW,ABSTAIN_REQUIRES_REVIEW
B,pdf_evidence_decision,PLAN9,setbacks.right,FAIL,FAIL,CORRECT_DECISION
B,pdf_evidence_decision,PLAN9,coverage,PASS,PASS,CORRECT_DECISION
B,pdf_evidence_decision,PLAN9,far,INSUFFICIENT_DATA,REQUIRES_REVIEW,GT_UNDECIDABLE
B,pdf_hybrid,PLAN1,setbacks.front,FAIL,FAIL,CORRECT_DECISION
B,pdf_hybrid,PLAN1,setbacks.left,FAIL,FAIL,CORRECT_DECISION
B,pdf_hybrid,PLAN1,setbacks.rear,FAIL,FAIL,CORRECT_DECISION
B,pdf_hybrid,PLAN1,setbacks.right,FAIL,FAIL,CORRECT_DECISION
B,pdf_hybrid,PLAN1,coverage,FAIL,FAIL,CORRECT_DECISION
B,pdf_hybrid,PLAN1,far,FAIL,FAIL,CORRECT_DECISION
B,pdf_hybrid,PLAN2,setbacks.front,FAIL,FAIL,CORRECT_DECISION
B,pdf_hybrid,PLAN2,setbacks.left,FAIL,FAIL,CORRECT_DECISION
B,pdf_hybrid,PLAN2,setbacks.rear,FAIL,FAIL,CORRECT_DECISION
B,pdf_hybrid,PLAN2,setbacks.right,FAIL,FAIL,CORRECT_DECISION
B,pdf_hybrid,PLAN2,coverage,FAIL,FAIL,CORRECT_DECISION
B,pdf_hybrid,PLAN2,far,FAIL,FAIL,CORRECT_DECISION
B,pdf_hybrid,PLAN4,road.width,FAIL,FAIL,CORRECT_DECISION
B,pdf_hybrid,PLAN4,plot.depth,FAIL,FAIL,CORRECT_DECISION
B,pdf_hybrid,PLAN4,plot.width,FAIL,FAIL,CORRECT_DECISION
B,pdf_hybrid,PLAN4,setbacks.front,FAIL,FAIL,CORRECT_DECISION
B,pdf_hybrid,PLAN4,setbacks.left,PASS,PASS,CORRECT_DECISION
B,pdf_hybrid,PLAN4,setbacks.rear,FAIL,FAIL,CORRECT_DECISION
B,pdf_hybrid,PLAN4,setbacks.right,FAIL,FAIL,CORRECT_DECISION
B,pdf_hybrid,PLAN4,coverage,FAIL,FAIL,CORRECT_DECISION
B,pdf_hybrid,PLAN4,far,INSUFFICIENT_DATA,REQUIRES_REVIEW,GT_UNDECIDABLE
B,pdf_hybrid,PLAN5,setbacks.front,INSUFFICIENT_DATA,INSUFFICIENT_DATA,GT_UNDECIDABLE
B,pdf_hybrid,PLAN5,setbacks.left,FAIL,FAIL,CORRECT_DECISION
B,pdf_hybrid,PLAN5,setbacks.rear,PASS,PASS,CORRECT_DECISION
B,pdf_hybrid,PLAN5,setbacks.right,FAIL,FAIL,CORRECT_DECISION
B,pdf_hybrid,PLAN5,coverage,PASS,PASS,CORRECT_DECISION
B,pdf_hybrid,PLAN5,far,INSUFFICIENT_DATA,FAIL,GT_UNDECIDABLE
B,pdf_hybrid,PLAN6,setbacks.front,INSUFFICIENT_DATA,INSUFFICIENT_DATA,GT_UNDECIDABLE
B,pdf_hybrid,PLAN6,setbacks.left,INSUFFICIENT_DATA,FAIL,GT_UNDECIDABLE
B,pdf_hybrid,PLAN6,setbacks.rear,INSUFFICIENT_DATA,FAIL,GT_UNDECIDABLE
B,pdf_hybrid,PLAN6,setbacks.right,INSUFFICIENT_DATA,FAIL,GT_UNDECIDABLE
B,pdf_hybrid,PLAN6,coverage,FAIL,FAIL,CORRECT_DECISION
B,pdf_hybrid,PLAN6,far,FAIL,FAIL,CORRECT_DECISION
B,pdf_hybrid,PLAN7,road.width,NOT_APPLICABLE,INSUFFICIENT_DATA,SPURIOUS_APPLICABILITY_INSUFFICIENT_DATA
B,pdf_hybrid,PLAN7,plot.depth,NOT_APPLICABLE,INSUFFICIENT_DATA,SPURIOUS_APPLICABILITY_INSUFFICIENT_DATA
B,pdf_hybrid,PLAN7,plot.width,NOT_APPLICABLE,INSUFFICIENT_DATA,SPURIOUS_APPLICABILITY_INSUFFICIENT_DATA
B,pdf_hybrid,PLAN7,setbacks.front,INSUFFICIENT_DATA,INSUFFICIENT_DATA,GT_UNDECIDABLE
B,pdf_hybrid,PLAN7,setbacks.left,INSUFFICIENT_DATA,INSUFFICIENT_DATA,GT_UNDECIDABLE
B,pdf_hybrid,PLAN7,setbacks.rear,INSUFFICIENT_DATA,NOT_APPLICABLE,GT_UNDECIDABLE
B,pdf_hybrid,PLAN7,setbacks.right,INSUFFICIENT_DATA,INSUFFICIENT_DATA,GT_UNDECIDABLE
B,pdf_hybrid,PLAN7,coverage,INSUFFICIENT_DATA,REQUIRES_REVIEW,GT_UNDECIDABLE
B,pdf_hybrid,PLAN7,far,INSUFFICIENT_DATA,REQUIRES_REVIEW,GT_UNDECIDABLE
B,pdf_hybrid,PLAN8,setbacks.front,INSUFFICIENT_DATA,INSUFFICIENT_DATA,GT_UNDECIDABLE
B,pdf_hybrid,PLAN8,setbacks.left,INSUFFICIENT_DATA,REQUIRES_REVIEW,GT_UNDECIDABLE
B,pdf_hybrid,PLAN8,setbacks.rear,INSUFFICIENT_DATA,REQUIRES_REVIEW,GT_UNDECIDABLE
B,pdf_hybrid,PLAN8,setbacks.right,INSUFFICIENT_DATA,REQUIRES_REVIEW,GT_UNDECIDABLE
B,pdf_hybrid,PLAN8,coverage,INSUFFICIENT_DATA,PASS,GT_UNDECIDABLE
B,pdf_hybrid,PLAN8,far,INSUFFICIENT_DATA,FAIL,GT_UNDECIDABLE
B,pdf_hybrid,PLAN9,road.width,NOT_APPLICABLE,INSUFFICIENT_DATA,SPURIOUS_APPLICABILITY_INSUFFICIENT_DATA
B,pdf_hybrid,PLAN9,plot.depth,NOT_APPLICABLE,INSUFFICIENT_DATA,SPURIOUS_APPLICABILITY_INSUFFICIENT_DATA
B,pdf_hybrid,PLAN9,plot.width,NOT_APPLICABLE,INSUFFICIENT_DATA,SPURIOUS_APPLICABILITY_INSUFFICIENT_DATA
B,pdf_hybrid,PLAN9,setbacks.front,FAIL,FAIL,CORRECT_DECISION
B,pdf_hybrid,PLAN9,setbacks.left,FAIL,FAIL,CORRECT_DECISION
B,pdf_hybrid,PLAN9,setbacks.rear,PASS,FAIL,FALSE_FAIL
B,pdf_hybrid,PLAN9,setbacks.right,FAIL,FAIL,CORRECT_DECISION
B,pdf_hybrid,PLAN9,coverage,PASS,PASS,CORRECT_DECISION
B,pdf_hybrid,PLAN9,far,INSUFFICIENT_DATA,REQUIRES_REVIEW,GT_UNDECIDABLE
B,pdf_hybrid_vlm_api,PLAN1,setbacks.front,FAIL,INSUFFICIENT_DATA,ABSTAIN_INSUFFICIENT_DATA
B,pdf_hybrid_vlm_api,PLAN1,setbacks.left,FAIL,INSUFFICIENT_DATA,ABSTAIN_INSUFFICIENT_DATA
B,pdf_hybrid_vlm_api,PLAN1,setbacks.rear,FAIL,INSUFFICIENT_DATA,ABSTAIN_INSUFFICIENT_DATA
B,pdf_hybrid_vlm_api,PLAN1,setbacks.right,FAIL,INSUFFICIENT_DATA,ABSTAIN_INSUFFICIENT_DATA
B,pdf_hybrid_vlm_api,PLAN1,coverage,FAIL,INSUFFICIENT_DATA,ABSTAIN_INSUFFICIENT_DATA
B,pdf_hybrid_vlm_api,PLAN1,far,FAIL,INSUFFICIENT_DATA,ABSTAIN_INSUFFICIENT_DATA
B,pdf_hybrid_vlm_api,PLAN2,setbacks.front,FAIL,FAIL,CORRECT_DECISION
B,pdf_hybrid_vlm_api,PLAN2,setbacks.left,FAIL,FAIL,CORRECT_DECISION
B,pdf_hybrid_vlm_api,PLAN2,setbacks.rear,FAIL,FAIL,CORRECT_DECISION
B,pdf_hybrid_vlm_api,PLAN2,setbacks.right,FAIL,FAIL,CORRECT_DECISION
B,pdf_hybrid_vlm_api,PLAN2,coverage,FAIL,FAIL,CORRECT_DECISION
B,pdf_hybrid_vlm_api,PLAN2,far,FAIL,FAIL,CORRECT_DECISION
B,pdf_hybrid_vlm_api,PLAN4,road.width,FAIL,FAIL,CORRECT_DECISION
B,pdf_hybrid_vlm_api,PLAN4,plot.depth,FAIL,CONFLICTING_EVIDENCE,ABSTAIN_CONFLICTING_EVIDENCE
B,pdf_hybrid_vlm_api,PLAN4,plot.width,FAIL,FAIL,CORRECT_DECISION
B,pdf_hybrid_vlm_api,PLAN4,setbacks.front,FAIL,FAIL,CORRECT_DECISION
B,pdf_hybrid_vlm_api,PLAN4,setbacks.left,PASS,PASS,CORRECT_DECISION
B,pdf_hybrid_vlm_api,PLAN4,setbacks.rear,FAIL,INSUFFICIENT_DATA,ABSTAIN_INSUFFICIENT_DATA
B,pdf_hybrid_vlm_api,PLAN4,setbacks.right,FAIL,FAIL,CORRECT_DECISION
B,pdf_hybrid_vlm_api,PLAN4,coverage,FAIL,FAIL,CORRECT_DECISION
B,pdf_hybrid_vlm_api,PLAN4,far,INSUFFICIENT_DATA,REQUIRES_REVIEW,GT_UNDECIDABLE
B,pdf_hybrid_vlm_api,PLAN5,setbacks.front,INSUFFICIENT_DATA,CONFLICTING_EVIDENCE,GT_UNDECIDABLE
B,pdf_hybrid_vlm_api,PLAN5,setbacks.left,FAIL,INSUFFICIENT_DATA,ABSTAIN_INSUFFICIENT_DATA
B,pdf_hybrid_vlm_api,PLAN5,setbacks.rear,PASS,INSUFFICIENT_DATA,ABSTAIN_INSUFFICIENT_DATA
B,pdf_hybrid_vlm_api,PLAN5,setbacks.right,FAIL,INSUFFICIENT_DATA,ABSTAIN_INSUFFICIENT_DATA
B,pdf_hybrid_vlm_api,PLAN5,coverage,PASS,PASS,CORRECT_DECISION
B,pdf_hybrid_vlm_api,PLAN5,far,INSUFFICIENT_DATA,REQUIRES_REVIEW,GT_UNDECIDABLE
B,pdf_hybrid_vlm_api,PLAN6,setbacks.front,INSUFFICIENT_DATA,FAIL,GT_UNDECIDABLE
B,pdf_hybrid_vlm_api,PLAN6,setbacks.left,INSUFFICIENT_DATA,FAIL,GT_UNDECIDABLE
B,pdf_hybrid_vlm_api,PLAN6,setbacks.rear,INSUFFICIENT_DATA,FAIL,GT_UNDECIDABLE
B,pdf_hybrid_vlm_api,PLAN6,setbacks.right,INSUFFICIENT_DATA,FAIL,GT_UNDECIDABLE
B,pdf_hybrid_vlm_api,PLAN6,coverage,FAIL,FAIL,CORRECT_DECISION
B,pdf_hybrid_vlm_api,PLAN6,far,FAIL,FAIL,CORRECT_DECISION
B,pdf_hybrid_vlm_api,PLAN7,setbacks.front,INSUFFICIENT_DATA,INSUFFICIENT_DATA,GT_UNDECIDABLE
B,pdf_hybrid_vlm_api,PLAN7,setbacks.left,INSUFFICIENT_DATA,INSUFFICIENT_DATA,GT_UNDECIDABLE
B,pdf_hybrid_vlm_api,PLAN7,setbacks.rear,INSUFFICIENT_DATA,NOT_APPLICABLE,GT_UNDECIDABLE
B,pdf_hybrid_vlm_api,PLAN7,setbacks.right,INSUFFICIENT_DATA,INSUFFICIENT_DATA,GT_UNDECIDABLE
B,pdf_hybrid_vlm_api,PLAN7,coverage,INSUFFICIENT_DATA,INSUFFICIENT_DATA,GT_UNDECIDABLE
B,pdf_hybrid_vlm_api,PLAN7,far,INSUFFICIENT_DATA,INSUFFICIENT_DATA,GT_UNDECIDABLE
B,pdf_hybrid_vlm_api,PLAN8,setbacks.front,INSUFFICIENT_DATA,CONFLICTING_EVIDENCE,GT_UNDECIDABLE
B,pdf_hybrid_vlm_api,PLAN8,setbacks.left,INSUFFICIENT_DATA,CONFLICTING_EVIDENCE,GT_UNDECIDABLE
B,pdf_hybrid_vlm_api,PLAN8,setbacks.rear,INSUFFICIENT_DATA,CONFLICTING_EVIDENCE,GT_UNDECIDABLE
B,pdf_hybrid_vlm_api,PLAN8,setbacks.right,INSUFFICIENT_DATA,CONFLICTING_EVIDENCE,GT_UNDECIDABLE
B,pdf_hybrid_vlm_api,PLAN8,coverage,INSUFFICIENT_DATA,CONFLICTING_EVIDENCE,GT_UNDECIDABLE
B,pdf_hybrid_vlm_api,PLAN8,far,INSUFFICIENT_DATA,FAIL,GT_UNDECIDABLE
B,pdf_hybrid_vlm_api,PLAN9,setbacks.front,FAIL,INSUFFICIENT_DATA,ABSTAIN_INSUFFICIENT_DATA
B,pdf_hybrid_vlm_api,PLAN9,setbacks.left,FAIL,FAIL,CORRECT_DECISION
B,pdf_hybrid_vlm_api,PLAN9,setbacks.rear,PASS,INSUFFICIENT_DATA,ABSTAIN_INSUFFICIENT_DATA
B,pdf_hybrid_vlm_api,PLAN9,setbacks.right,FAIL,FAIL,CORRECT_DECISION
B,pdf_hybrid_vlm_api,PLAN9,coverage,PASS,PASS,CORRECT_DECISION
B,pdf_hybrid_vlm_api,PLAN9,far,INSUFFICIENT_DATA,PASS,GT_UNDECIDABLE
B,pdf_legacy_resolver,PLAN1,setbacks.front,FAIL,INSUFFICIENT_DATA,ABSTAIN_INSUFFICIENT_DATA
B,pdf_legacy_resolver,PLAN1,setbacks.left,FAIL,INSUFFICIENT_DATA,ABSTAIN_INSUFFICIENT_DATA
B,pdf_legacy_resolver,PLAN1,setbacks.rear,FAIL,INSUFFICIENT_DATA,ABSTAIN_INSUFFICIENT_DATA
B,pdf_legacy_resolver,PLAN1,setbacks.right,FAIL,INSUFFICIENT_DATA,ABSTAIN_INSUFFICIENT_DATA
B,pdf_legacy_resolver,PLAN1,coverage,FAIL,INSUFFICIENT_DATA,ABSTAIN_INSUFFICIENT_DATA
B,pdf_legacy_resolver,PLAN1,far,FAIL,INSUFFICIENT_DATA,ABSTAIN_INSUFFICIENT_DATA
B,pdf_legacy_resolver,PLAN2,setbacks.front,FAIL,INSUFFICIENT_DATA,ABSTAIN_INSUFFICIENT_DATA
B,pdf_legacy_resolver,PLAN2,setbacks.left,FAIL,INSUFFICIENT_DATA,ABSTAIN_INSUFFICIENT_DATA
B,pdf_legacy_resolver,PLAN2,setbacks.rear,FAIL,INSUFFICIENT_DATA,ABSTAIN_INSUFFICIENT_DATA
B,pdf_legacy_resolver,PLAN2,setbacks.right,FAIL,INSUFFICIENT_DATA,ABSTAIN_INSUFFICIENT_DATA
B,pdf_legacy_resolver,PLAN2,coverage,FAIL,PASS,FALSE_PASS
B,pdf_legacy_resolver,PLAN2,far,FAIL,PASS,FALSE_PASS
B,pdf_legacy_resolver,PLAN4,road.width,FAIL,CONFLICTING_EVIDENCE,ABSTAIN_CONFLICTING_EVIDENCE
B,pdf_legacy_resolver,PLAN4,plot.depth,FAIL,PASS,FALSE_PASS
B,pdf_legacy_resolver,PLAN4,plot.width,FAIL,PASS,FALSE_PASS
B,pdf_legacy_resolver,PLAN4,setbacks.front,FAIL,INSUFFICIENT_DATA,ABSTAIN_INSUFFICIENT_DATA
B,pdf_legacy_resolver,PLAN4,setbacks.left,PASS,PASS,CORRECT_DECISION
B,pdf_legacy_resolver,PLAN4,setbacks.rear,FAIL,PASS,FALSE_PASS
B,pdf_legacy_resolver,PLAN4,setbacks.right,FAIL,PASS,FALSE_PASS
B,pdf_legacy_resolver,PLAN4,coverage,FAIL,PASS,FALSE_PASS
B,pdf_legacy_resolver,PLAN4,far,INSUFFICIENT_DATA,REQUIRES_REVIEW,GT_UNDECIDABLE
B,pdf_legacy_resolver,PLAN5,setbacks.front,INSUFFICIENT_DATA,INSUFFICIENT_DATA,GT_UNDECIDABLE
B,pdf_legacy_resolver,PLAN5,setbacks.left,FAIL,NOT_APPLICABLE,APPLICABILITY_FLIP
B,pdf_legacy_resolver,PLAN5,setbacks.rear,PASS,NOT_APPLICABLE,APPLICABILITY_FLIP
B,pdf_legacy_resolver,PLAN5,setbacks.right,FAIL,INSUFFICIENT_DATA,ABSTAIN_INSUFFICIENT_DATA
B,pdf_legacy_resolver,PLAN5,coverage,PASS,PASS,CORRECT_DECISION
B,pdf_legacy_resolver,PLAN5,far,INSUFFICIENT_DATA,PASS,GT_UNDECIDABLE
B,pdf_legacy_resolver,PLAN6,setbacks.front,INSUFFICIENT_DATA,INSUFFICIENT_DATA,GT_UNDECIDABLE
B,pdf_legacy_resolver,PLAN6,setbacks.left,INSUFFICIENT_DATA,INSUFFICIENT_DATA,GT_UNDECIDABLE
B,pdf_legacy_resolver,PLAN6,setbacks.rear,INSUFFICIENT_DATA,INSUFFICIENT_DATA,GT_UNDECIDABLE
B,pdf_legacy_resolver,PLAN6,setbacks.right,INSUFFICIENT_DATA,INSUFFICIENT_DATA,GT_UNDECIDABLE
B,pdf_legacy_resolver,PLAN6,coverage,FAIL,INSUFFICIENT_DATA,ABSTAIN_INSUFFICIENT_DATA
B,pdf_legacy_resolver,PLAN6,far,FAIL,INSUFFICIENT_DATA,ABSTAIN_INSUFFICIENT_DATA
B,pdf_legacy_resolver,PLAN7,road.width,NOT_APPLICABLE,INSUFFICIENT_DATA,SPURIOUS_APPLICABILITY_INSUFFICIENT_DATA
B,pdf_legacy_resolver,PLAN7,plot.depth,NOT_APPLICABLE,INSUFFICIENT_DATA,SPURIOUS_APPLICABILITY_INSUFFICIENT_DATA
B,pdf_legacy_resolver,PLAN7,plot.width,NOT_APPLICABLE,INSUFFICIENT_DATA,SPURIOUS_APPLICABILITY_INSUFFICIENT_DATA
B,pdf_legacy_resolver,PLAN7,setbacks.front,INSUFFICIENT_DATA,INSUFFICIENT_DATA,GT_UNDECIDABLE
B,pdf_legacy_resolver,PLAN7,setbacks.left,INSUFFICIENT_DATA,INSUFFICIENT_DATA,GT_UNDECIDABLE
B,pdf_legacy_resolver,PLAN7,setbacks.rear,INSUFFICIENT_DATA,NOT_APPLICABLE,GT_UNDECIDABLE
B,pdf_legacy_resolver,PLAN7,setbacks.right,INSUFFICIENT_DATA,INSUFFICIENT_DATA,GT_UNDECIDABLE
B,pdf_legacy_resolver,PLAN7,coverage,INSUFFICIENT_DATA,FAIL,GT_UNDECIDABLE
B,pdf_legacy_resolver,PLAN7,far,INSUFFICIENT_DATA,REQUIRES_REVIEW,GT_UNDECIDABLE
B,pdf_legacy_resolver,PLAN8,setbacks.front,INSUFFICIENT_DATA,INSUFFICIENT_DATA,GT_UNDECIDABLE
B,pdf_legacy_resolver,PLAN8,setbacks.left,INSUFFICIENT_DATA,PASS,GT_UNDECIDABLE
B,pdf_legacy_resolver,PLAN8,setbacks.rear,INSUFFICIENT_DATA,PASS,GT_UNDECIDABLE
B,pdf_legacy_resolver,PLAN8,setbacks.right,INSUFFICIENT_DATA,INSUFFICIENT_DATA,GT_UNDECIDABLE
B,pdf_legacy_resolver,PLAN8,coverage,INSUFFICIENT_DATA,PASS,GT_UNDECIDABLE
B,pdf_legacy_resolver,PLAN8,far,INSUFFICIENT_DATA,PASS,GT_UNDECIDABLE
B,pdf_legacy_resolver,PLAN9,road.width,NOT_APPLICABLE,INSUFFICIENT_DATA,SPURIOUS_APPLICABILITY_INSUFFICIENT_DATA
B,pdf_legacy_resolver,PLAN9,plot.depth,NOT_APPLICABLE,INSUFFICIENT_DATA,SPURIOUS_APPLICABILITY_INSUFFICIENT_DATA
B,pdf_legacy_resolver,PLAN9,plot.width,NOT_APPLICABLE,INSUFFICIENT_DATA,SPURIOUS_APPLICABILITY_INSUFFICIENT_DATA
B,pdf_legacy_resolver,PLAN9,setbacks.front,FAIL,FAIL,CORRECT_DECISION
B,pdf_legacy_resolver,PLAN9,setbacks.left,FAIL,NOT_APPLICABLE,APPLICABILITY_FLIP
B,pdf_legacy_resolver,PLAN9,setbacks.rear,PASS,NOT_APPLICABLE,APPLICABILITY_FLIP
B,pdf_legacy_resolver,PLAN9,setbacks.right,FAIL,INSUFFICIENT_DATA,ABSTAIN_INSUFFICIENT_DATA
B,pdf_legacy_resolver,PLAN9,coverage,PASS,PASS,CORRECT_DECISION
B,pdf_legacy_resolver,PLAN9,far,INSUFFICIENT_DATA,REQUIRES_REVIEW,GT_UNDECIDABLE
B,pdf_native_ocr,PLAN1,road.width,NOT_APPLICABLE,INSUFFICIENT_DATA,SPURIOUS_APPLICABILITY_INSUFFICIENT_DATA
B,pdf_native_ocr,PLAN1,plot.depth,NOT_APPLICABLE,INSUFFICIENT_DATA,SPURIOUS_APPLICABILITY_INSUFFICIENT_DATA
B,pdf_native_ocr,PLAN1,plot.width,NOT_APPLICABLE,INSUFFICIENT_DATA,SPURIOUS_APPLICABILITY_INSUFFICIENT_DATA
B,pdf_native_ocr,PLAN1,setbacks.front,FAIL,FAIL,CORRECT_DECISION
B,pdf_native_ocr,PLAN1,setbacks.left,FAIL,FAIL,CORRECT_DECISION
B,pdf_native_ocr,PLAN1,setbacks.rear,FAIL,FAIL,CORRECT_DECISION
B,pdf_native_ocr,PLAN1,setbacks.right,FAIL,FAIL,CORRECT_DECISION
B,pdf_native_ocr,PLAN1,coverage,FAIL,INSUFFICIENT_DATA,ABSTAIN_INSUFFICIENT_DATA
B,pdf_native_ocr,PLAN1,far,FAIL,INSUFFICIENT_DATA,ABSTAIN_INSUFFICIENT_DATA
B,pdf_native_ocr,PLAN2,road.width,NOT_APPLICABLE,INSUFFICIENT_DATA,SPURIOUS_APPLICABILITY_INSUFFICIENT_DATA
B,pdf_native_ocr,PLAN2,plot.depth,NOT_APPLICABLE,INSUFFICIENT_DATA,SPURIOUS_APPLICABILITY_INSUFFICIENT_DATA
B,pdf_native_ocr,PLAN2,plot.width,NOT_APPLICABLE,INSUFFICIENT_DATA,SPURIOUS_APPLICABILITY_INSUFFICIENT_DATA
B,pdf_native_ocr,PLAN2,setbacks.front,FAIL,FAIL,CORRECT_DECISION
B,pdf_native_ocr,PLAN2,setbacks.left,FAIL,FAIL,CORRECT_DECISION
B,pdf_native_ocr,PLAN2,setbacks.rear,FAIL,FAIL,CORRECT_DECISION
B,pdf_native_ocr,PLAN2,setbacks.right,FAIL,FAIL,CORRECT_DECISION
B,pdf_native_ocr,PLAN2,coverage,FAIL,FAIL,CORRECT_DECISION
B,pdf_native_ocr,PLAN2,far,FAIL,FAIL,CORRECT_DECISION
B,pdf_native_ocr,PLAN4,road.width,FAIL,INSUFFICIENT_DATA,ABSTAIN_INSUFFICIENT_DATA
B,pdf_native_ocr,PLAN4,plot.depth,FAIL,INSUFFICIENT_DATA,ABSTAIN_INSUFFICIENT_DATA
B,pdf_native_ocr,PLAN4,plot.width,FAIL,INSUFFICIENT_DATA,ABSTAIN_INSUFFICIENT_DATA
B,pdf_native_ocr,PLAN4,setbacks.front,FAIL,FAIL,CORRECT_DECISION
B,pdf_native_ocr,PLAN4,setbacks.left,PASS,PASS,CORRECT_DECISION
B,pdf_native_ocr,PLAN4,setbacks.rear,FAIL,FAIL,CORRECT_DECISION
B,pdf_native_ocr,PLAN4,setbacks.right,FAIL,FAIL,CORRECT_DECISION
B,pdf_native_ocr,PLAN4,coverage,FAIL,FAIL,CORRECT_DECISION
B,pdf_native_ocr,PLAN4,far,INSUFFICIENT_DATA,REQUIRES_REVIEW,GT_UNDECIDABLE
B,pdf_native_ocr,PLAN5,road.width,NOT_APPLICABLE,INSUFFICIENT_DATA,SPURIOUS_APPLICABILITY_INSUFFICIENT_DATA
B,pdf_native_ocr,PLAN5,plot.depth,NOT_APPLICABLE,INSUFFICIENT_DATA,SPURIOUS_APPLICABILITY_INSUFFICIENT_DATA
B,pdf_native_ocr,PLAN5,plot.width,NOT_APPLICABLE,INSUFFICIENT_DATA,SPURIOUS_APPLICABILITY_INSUFFICIENT_DATA
B,pdf_native_ocr,PLAN5,setbacks.front,INSUFFICIENT_DATA,INSUFFICIENT_DATA,GT_UNDECIDABLE
B,pdf_native_ocr,PLAN5,setbacks.left,FAIL,FAIL,CORRECT_DECISION
B,pdf_native_ocr,PLAN5,setbacks.rear,PASS,PASS,CORRECT_DECISION
B,pdf_native_ocr,PLAN5,setbacks.right,FAIL,FAIL,CORRECT_DECISION
B,pdf_native_ocr,PLAN5,coverage,PASS,PASS,CORRECT_DECISION
B,pdf_native_ocr,PLAN5,far,INSUFFICIENT_DATA,REQUIRES_REVIEW,GT_UNDECIDABLE
B,pdf_native_ocr,PLAN6,road.width,NOT_APPLICABLE,INSUFFICIENT_DATA,SPURIOUS_APPLICABILITY_INSUFFICIENT_DATA
B,pdf_native_ocr,PLAN6,plot.depth,NOT_APPLICABLE,INSUFFICIENT_DATA,SPURIOUS_APPLICABILITY_INSUFFICIENT_DATA
B,pdf_native_ocr,PLAN6,plot.width,NOT_APPLICABLE,INSUFFICIENT_DATA,SPURIOUS_APPLICABILITY_INSUFFICIENT_DATA
B,pdf_native_ocr,PLAN6,setbacks.front,INSUFFICIENT_DATA,INSUFFICIENT_DATA,GT_UNDECIDABLE
B,pdf_native_ocr,PLAN6,setbacks.left,INSUFFICIENT_DATA,FAIL,GT_UNDECIDABLE
B,pdf_native_ocr,PLAN6,setbacks.rear,INSUFFICIENT_DATA,FAIL,GT_UNDECIDABLE
B,pdf_native_ocr,PLAN6,setbacks.right,INSUFFICIENT_DATA,FAIL,GT_UNDECIDABLE
B,pdf_native_ocr,PLAN6,coverage,FAIL,FAIL,CORRECT_DECISION
B,pdf_native_ocr,PLAN6,far,FAIL,FAIL,CORRECT_DECISION
B,pdf_native_ocr,PLAN7,road.width,NOT_APPLICABLE,INSUFFICIENT_DATA,SPURIOUS_APPLICABILITY_INSUFFICIENT_DATA
B,pdf_native_ocr,PLAN7,plot.depth,NOT_APPLICABLE,INSUFFICIENT_DATA,SPURIOUS_APPLICABILITY_INSUFFICIENT_DATA
B,pdf_native_ocr,PLAN7,plot.width,NOT_APPLICABLE,INSUFFICIENT_DATA,SPURIOUS_APPLICABILITY_INSUFFICIENT_DATA
B,pdf_native_ocr,PLAN7,setbacks.front,INSUFFICIENT_DATA,INSUFFICIENT_DATA,GT_UNDECIDABLE
B,pdf_native_ocr,PLAN7,setbacks.left,INSUFFICIENT_DATA,INSUFFICIENT_DATA,GT_UNDECIDABLE
B,pdf_native_ocr,PLAN7,setbacks.rear,INSUFFICIENT_DATA,INSUFFICIENT_DATA,GT_UNDECIDABLE
B,pdf_native_ocr,PLAN7,setbacks.right,INSUFFICIENT_DATA,INSUFFICIENT_DATA,GT_UNDECIDABLE
B,pdf_native_ocr,PLAN7,coverage,INSUFFICIENT_DATA,INSUFFICIENT_DATA,GT_UNDECIDABLE
B,pdf_native_ocr,PLAN7,far,INSUFFICIENT_DATA,INSUFFICIENT_DATA,GT_UNDECIDABLE
B,pdf_native_ocr,PLAN8,road.width,NOT_APPLICABLE,INSUFFICIENT_DATA,SPURIOUS_APPLICABILITY_INSUFFICIENT_DATA
B,pdf_native_ocr,PLAN8,plot.depth,NOT_APPLICABLE,INSUFFICIENT_DATA,SPURIOUS_APPLICABILITY_INSUFFICIENT_DATA
B,pdf_native_ocr,PLAN8,plot.width,NOT_APPLICABLE,INSUFFICIENT_DATA,SPURIOUS_APPLICABILITY_INSUFFICIENT_DATA
B,pdf_native_ocr,PLAN8,setbacks.front,INSUFFICIENT_DATA,INSUFFICIENT_DATA,GT_UNDECIDABLE
B,pdf_native_ocr,PLAN8,setbacks.left,INSUFFICIENT_DATA,REQUIRES_REVIEW,GT_UNDECIDABLE
B,pdf_native_ocr,PLAN8,setbacks.rear,INSUFFICIENT_DATA,REQUIRES_REVIEW,GT_UNDECIDABLE
B,pdf_native_ocr,PLAN8,setbacks.right,INSUFFICIENT_DATA,REQUIRES_REVIEW,GT_UNDECIDABLE
B,pdf_native_ocr,PLAN8,coverage,INSUFFICIENT_DATA,PASS,GT_UNDECIDABLE
B,pdf_native_ocr,PLAN8,far,INSUFFICIENT_DATA,FAIL,GT_UNDECIDABLE
B,pdf_native_ocr,PLAN9,road.width,NOT_APPLICABLE,INSUFFICIENT_DATA,SPURIOUS_APPLICABILITY_INSUFFICIENT_DATA
B,pdf_native_ocr,PLAN9,plot.depth,NOT_APPLICABLE,INSUFFICIENT_DATA,SPURIOUS_APPLICABILITY_INSUFFICIENT_DATA
B,pdf_native_ocr,PLAN9,plot.width,NOT_APPLICABLE,INSUFFICIENT_DATA,SPURIOUS_APPLICABILITY_INSUFFICIENT_DATA
B,pdf_native_ocr,PLAN9,setbacks.front,FAIL,FAIL,CORRECT_DECISION
B,pdf_native_ocr,PLAN9,setbacks.left,FAIL,FAIL,CORRECT_DECISION
B,pdf_native_ocr,PLAN9,setbacks.rear,PASS,FAIL,FALSE_FAIL
B,pdf_native_ocr,PLAN9,setbacks.right,FAIL,FAIL,CORRECT_DECISION
B,pdf_native_ocr,PLAN9,coverage,PASS,INSUFFICIENT_DATA,ABSTAIN_INSUFFICIENT_DATA
B,pdf_native_ocr,PLAN9,far,INSUFFICIENT_DATA,INSUFFICIENT_DATA,GT_UNDECIDABLE
B,pdf_native_only,PLAN1,road.width,NOT_APPLICABLE,INSUFFICIENT_DATA,SPURIOUS_APPLICABILITY_INSUFFICIENT_DATA
B,pdf_native_only,PLAN1,plot.depth,NOT_APPLICABLE,INSUFFICIENT_DATA,SPURIOUS_APPLICABILITY_INSUFFICIENT_DATA
B,pdf_native_only,PLAN1,plot.width,NOT_APPLICABLE,INSUFFICIENT_DATA,SPURIOUS_APPLICABILITY_INSUFFICIENT_DATA
B,pdf_native_only,PLAN1,setbacks.front,FAIL,FAIL,CORRECT_DECISION
B,pdf_native_only,PLAN1,setbacks.left,FAIL,FAIL,CORRECT_DECISION
B,pdf_native_only,PLAN1,setbacks.rear,FAIL,FAIL,CORRECT_DECISION
B,pdf_native_only,PLAN1,setbacks.right,FAIL,FAIL,CORRECT_DECISION
B,pdf_native_only,PLAN1,coverage,FAIL,INSUFFICIENT_DATA,ABSTAIN_INSUFFICIENT_DATA
B,pdf_native_only,PLAN1,far,FAIL,INSUFFICIENT_DATA,ABSTAIN_INSUFFICIENT_DATA
B,pdf_native_only,PLAN2,road.width,NOT_APPLICABLE,INSUFFICIENT_DATA,SPURIOUS_APPLICABILITY_INSUFFICIENT_DATA
B,pdf_native_only,PLAN2,plot.depth,NOT_APPLICABLE,INSUFFICIENT_DATA,SPURIOUS_APPLICABILITY_INSUFFICIENT_DATA
B,pdf_native_only,PLAN2,plot.width,NOT_APPLICABLE,INSUFFICIENT_DATA,SPURIOUS_APPLICABILITY_INSUFFICIENT_DATA
B,pdf_native_only,PLAN2,setbacks.front,FAIL,FAIL,CORRECT_DECISION
B,pdf_native_only,PLAN2,setbacks.left,FAIL,FAIL,CORRECT_DECISION
B,pdf_native_only,PLAN2,setbacks.rear,FAIL,FAIL,CORRECT_DECISION
B,pdf_native_only,PLAN2,setbacks.right,FAIL,FAIL,CORRECT_DECISION
B,pdf_native_only,PLAN2,coverage,FAIL,FAIL,CORRECT_DECISION
B,pdf_native_only,PLAN2,far,FAIL,FAIL,CORRECT_DECISION
B,pdf_native_only,PLAN4,road.width,FAIL,INSUFFICIENT_DATA,ABSTAIN_INSUFFICIENT_DATA
B,pdf_native_only,PLAN4,plot.depth,FAIL,INSUFFICIENT_DATA,ABSTAIN_INSUFFICIENT_DATA
B,pdf_native_only,PLAN4,plot.width,FAIL,INSUFFICIENT_DATA,ABSTAIN_INSUFFICIENT_DATA
B,pdf_native_only,PLAN4,setbacks.front,FAIL,FAIL,CORRECT_DECISION
B,pdf_native_only,PLAN4,setbacks.left,PASS,PASS,CORRECT_DECISION
B,pdf_native_only,PLAN4,setbacks.rear,FAIL,FAIL,CORRECT_DECISION
B,pdf_native_only,PLAN4,setbacks.right,FAIL,FAIL,CORRECT_DECISION
B,pdf_native_only,PLAN4,coverage,FAIL,FAIL,CORRECT_DECISION
B,pdf_native_only,PLAN4,far,INSUFFICIENT_DATA,REQUIRES_REVIEW,GT_UNDECIDABLE
B,pdf_native_only,PLAN5,road.width,NOT_APPLICABLE,INSUFFICIENT_DATA,SPURIOUS_APPLICABILITY_INSUFFICIENT_DATA
B,pdf_native_only,PLAN5,plot.depth,NOT_APPLICABLE,INSUFFICIENT_DATA,SPURIOUS_APPLICABILITY_INSUFFICIENT_DATA
B,pdf_native_only,PLAN5,plot.width,NOT_APPLICABLE,INSUFFICIENT_DATA,SPURIOUS_APPLICABILITY_INSUFFICIENT_DATA
B,pdf_native_only,PLAN5,setbacks.front,INSUFFICIENT_DATA,INSUFFICIENT_DATA,GT_UNDECIDABLE
B,pdf_native_only,PLAN5,setbacks.left,FAIL,INSUFFICIENT_DATA,ABSTAIN_INSUFFICIENT_DATA
B,pdf_native_only,PLAN5,setbacks.rear,PASS,INSUFFICIENT_DATA,ABSTAIN_INSUFFICIENT_DATA
B,pdf_native_only,PLAN5,setbacks.right,FAIL,INSUFFICIENT_DATA,ABSTAIN_INSUFFICIENT_DATA
B,pdf_native_only,PLAN5,coverage,PASS,INSUFFICIENT_DATA,ABSTAIN_INSUFFICIENT_DATA
B,pdf_native_only,PLAN5,far,INSUFFICIENT_DATA,INSUFFICIENT_DATA,GT_UNDECIDABLE
B,pdf_native_only,PLAN6,road.width,NOT_APPLICABLE,INSUFFICIENT_DATA,SPURIOUS_APPLICABILITY_INSUFFICIENT_DATA
B,pdf_native_only,PLAN6,plot.depth,NOT_APPLICABLE,INSUFFICIENT_DATA,SPURIOUS_APPLICABILITY_INSUFFICIENT_DATA
B,pdf_native_only,PLAN6,plot.width,NOT_APPLICABLE,INSUFFICIENT_DATA,SPURIOUS_APPLICABILITY_INSUFFICIENT_DATA
B,pdf_native_only,PLAN6,setbacks.front,INSUFFICIENT_DATA,INSUFFICIENT_DATA,GT_UNDECIDABLE
B,pdf_native_only,PLAN6,setbacks.left,INSUFFICIENT_DATA,FAIL,GT_UNDECIDABLE
B,pdf_native_only,PLAN6,setbacks.rear,INSUFFICIENT_DATA,FAIL,GT_UNDECIDABLE
B,pdf_native_only,PLAN6,setbacks.right,INSUFFICIENT_DATA,FAIL,GT_UNDECIDABLE
B,pdf_native_only,PLAN6,coverage,FAIL,FAIL,CORRECT_DECISION
B,pdf_native_only,PLAN6,far,FAIL,FAIL,CORRECT_DECISION
B,pdf_native_only,PLAN7,road.width,NOT_APPLICABLE,INSUFFICIENT_DATA,SPURIOUS_APPLICABILITY_INSUFFICIENT_DATA
B,pdf_native_only,PLAN7,plot.depth,NOT_APPLICABLE,INSUFFICIENT_DATA,SPURIOUS_APPLICABILITY_INSUFFICIENT_DATA
B,pdf_native_only,PLAN7,plot.width,NOT_APPLICABLE,INSUFFICIENT_DATA,SPURIOUS_APPLICABILITY_INSUFFICIENT_DATA
B,pdf_native_only,PLAN7,setbacks.front,INSUFFICIENT_DATA,INSUFFICIENT_DATA,GT_UNDECIDABLE
B,pdf_native_only,PLAN7,setbacks.left,INSUFFICIENT_DATA,INSUFFICIENT_DATA,GT_UNDECIDABLE
B,pdf_native_only,PLAN7,setbacks.rear,INSUFFICIENT_DATA,INSUFFICIENT_DATA,GT_UNDECIDABLE
B,pdf_native_only,PLAN7,setbacks.right,INSUFFICIENT_DATA,INSUFFICIENT_DATA,GT_UNDECIDABLE
B,pdf_native_only,PLAN7,coverage,INSUFFICIENT_DATA,INSUFFICIENT_DATA,GT_UNDECIDABLE
B,pdf_native_only,PLAN7,far,INSUFFICIENT_DATA,INSUFFICIENT_DATA,GT_UNDECIDABLE
B,pdf_native_only,PLAN8,road.width,NOT_APPLICABLE,INSUFFICIENT_DATA,SPURIOUS_APPLICABILITY_INSUFFICIENT_DATA
B,pdf_native_only,PLAN8,plot.depth,NOT_APPLICABLE,INSUFFICIENT_DATA,SPURIOUS_APPLICABILITY_INSUFFICIENT_DATA
B,pdf_native_only,PLAN8,plot.width,NOT_APPLICABLE,INSUFFICIENT_DATA,SPURIOUS_APPLICABILITY_INSUFFICIENT_DATA
B,pdf_native_only,PLAN8,setbacks.front,INSUFFICIENT_DATA,INSUFFICIENT_DATA,GT_UNDECIDABLE
B,pdf_native_only,PLAN8,setbacks.left,INSUFFICIENT_DATA,REQUIRES_REVIEW,GT_UNDECIDABLE
B,pdf_native_only,PLAN8,setbacks.rear,INSUFFICIENT_DATA,REQUIRES_REVIEW,GT_UNDECIDABLE
B,pdf_native_only,PLAN8,setbacks.right,INSUFFICIENT_DATA,REQUIRES_REVIEW,GT_UNDECIDABLE
B,pdf_native_only,PLAN8,coverage,INSUFFICIENT_DATA,PASS,GT_UNDECIDABLE
B,pdf_native_only,PLAN8,far,INSUFFICIENT_DATA,FAIL,GT_UNDECIDABLE
B,pdf_native_only,PLAN9,road.width,NOT_APPLICABLE,INSUFFICIENT_DATA,SPURIOUS_APPLICABILITY_INSUFFICIENT_DATA
B,pdf_native_only,PLAN9,plot.depth,NOT_APPLICABLE,INSUFFICIENT_DATA,SPURIOUS_APPLICABILITY_INSUFFICIENT_DATA
B,pdf_native_only,PLAN9,plot.width,NOT_APPLICABLE,INSUFFICIENT_DATA,SPURIOUS_APPLICABILITY_INSUFFICIENT_DATA
B,pdf_native_only,PLAN9,setbacks.front,FAIL,FAIL,CORRECT_DECISION
B,pdf_native_only,PLAN9,setbacks.left,FAIL,FAIL,CORRECT_DECISION
B,pdf_native_only,PLAN9,setbacks.rear,PASS,FAIL,FALSE_FAIL
B,pdf_native_only,PLAN9,setbacks.right,FAIL,FAIL,CORRECT_DECISION
B,pdf_native_only,PLAN9,coverage,PASS,INSUFFICIENT_DATA,ABSTAIN_INSUFFICIENT_DATA
B,pdf_native_only,PLAN9,far,INSUFFICIENT_DATA,INSUFFICIENT_DATA,GT_UNDECIDABLE
B,pdf_dxf_reconciled,PLAN1,setbacks.front,FAIL,FAIL,CORRECT_DECISION
B,pdf_dxf_reconciled,PLAN1,setbacks.left,FAIL,FAIL,CORRECT_DECISION
B,pdf_dxf_reconciled,PLAN1,setbacks.rear,FAIL,FAIL,CORRECT_DECISION
B,pdf_dxf_reconciled,PLAN1,setbacks.right,FAIL,FAIL,CORRECT_DECISION
B,pdf_dxf_reconciled,PLAN1,coverage,FAIL,FAIL,CORRECT_DECISION
B,pdf_dxf_reconciled,PLAN1,far,FAIL,FAIL,CORRECT_DECISION
B,pdf_dxf_reconciled,PLAN2,setbacks.front,FAIL,FAIL,CORRECT_DECISION
B,pdf_dxf_reconciled,PLAN2,setbacks.left,FAIL,FAIL,CORRECT_DECISION
B,pdf_dxf_reconciled,PLAN2,setbacks.rear,FAIL,FAIL,CORRECT_DECISION
B,pdf_dxf_reconciled,PLAN2,setbacks.right,FAIL,FAIL,CORRECT_DECISION
B,pdf_dxf_reconciled,PLAN2,coverage,FAIL,FAIL,CORRECT_DECISION
B,pdf_dxf_reconciled,PLAN2,far,FAIL,FAIL,CORRECT_DECISION
B,pdf_dxf_reconciled,PLAN4,road.width,FAIL,FAIL,CORRECT_DECISION
B,pdf_dxf_reconciled,PLAN4,plot.depth,FAIL,FAIL,CORRECT_DECISION
B,pdf_dxf_reconciled,PLAN4,plot.width,FAIL,FAIL,CORRECT_DECISION
B,pdf_dxf_reconciled,PLAN4,setbacks.front,FAIL,FAIL,CORRECT_DECISION
B,pdf_dxf_reconciled,PLAN4,setbacks.left,PASS,PASS,CORRECT_DECISION
B,pdf_dxf_reconciled,PLAN4,setbacks.rear,FAIL,FAIL,CORRECT_DECISION
B,pdf_dxf_reconciled,PLAN4,setbacks.right,FAIL,FAIL,CORRECT_DECISION
B,pdf_dxf_reconciled,PLAN4,coverage,FAIL,FAIL,CORRECT_DECISION
B,pdf_dxf_reconciled,PLAN4,far,INSUFFICIENT_DATA,REQUIRES_REVIEW,GT_UNDECIDABLE
B,pdf_dxf_reconciled,PLAN5,setbacks.front,INSUFFICIENT_DATA,INSUFFICIENT_DATA,GT_UNDECIDABLE
B,pdf_dxf_reconciled,PLAN5,setbacks.left,FAIL,FAIL,CORRECT_DECISION
B,pdf_dxf_reconciled,PLAN5,setbacks.rear,PASS,PASS,CORRECT_DECISION
B,pdf_dxf_reconciled,PLAN5,setbacks.right,FAIL,FAIL,CORRECT_DECISION
B,pdf_dxf_reconciled,PLAN5,coverage,PASS,PASS,CORRECT_DECISION
B,pdf_dxf_reconciled,PLAN5,far,INSUFFICIENT_DATA,FAIL,GT_UNDECIDABLE
B,pdf_dxf_reconciled,PLAN6,setbacks.front,INSUFFICIENT_DATA,INSUFFICIENT_DATA,GT_UNDECIDABLE
B,pdf_dxf_reconciled,PLAN6,setbacks.left,INSUFFICIENT_DATA,FAIL,GT_UNDECIDABLE
B,pdf_dxf_reconciled,PLAN6,setbacks.rear,INSUFFICIENT_DATA,FAIL,GT_UNDECIDABLE
B,pdf_dxf_reconciled,PLAN6,setbacks.right,INSUFFICIENT_DATA,FAIL,GT_UNDECIDABLE
B,pdf_dxf_reconciled,PLAN6,coverage,FAIL,FAIL,CORRECT_DECISION
B,pdf_dxf_reconciled,PLAN6,far,FAIL,FAIL,CORRECT_DECISION
B,pdf_dxf_reconciled,PLAN7,road.width,NOT_APPLICABLE,INSUFFICIENT_DATA,SPURIOUS_APPLICABILITY_INSUFFICIENT_DATA
B,pdf_dxf_reconciled,PLAN7,plot.depth,NOT_APPLICABLE,INSUFFICIENT_DATA,SPURIOUS_APPLICABILITY_INSUFFICIENT_DATA
B,pdf_dxf_reconciled,PLAN7,plot.width,NOT_APPLICABLE,INSUFFICIENT_DATA,SPURIOUS_APPLICABILITY_INSUFFICIENT_DATA
B,pdf_dxf_reconciled,PLAN7,setbacks.front,INSUFFICIENT_DATA,INSUFFICIENT_DATA,GT_UNDECIDABLE
B,pdf_dxf_reconciled,PLAN7,setbacks.left,INSUFFICIENT_DATA,INSUFFICIENT_DATA,GT_UNDECIDABLE
B,pdf_dxf_reconciled,PLAN7,setbacks.rear,INSUFFICIENT_DATA,NOT_APPLICABLE,GT_UNDECIDABLE
B,pdf_dxf_reconciled,PLAN7,setbacks.right,INSUFFICIENT_DATA,INSUFFICIENT_DATA,GT_UNDECIDABLE
B,pdf_dxf_reconciled,PLAN7,coverage,INSUFFICIENT_DATA,REQUIRES_REVIEW,GT_UNDECIDABLE
B,pdf_dxf_reconciled,PLAN7,far,INSUFFICIENT_DATA,REQUIRES_REVIEW,GT_UNDECIDABLE
B,pdf_dxf_reconciled,PLAN8,setbacks.front,INSUFFICIENT_DATA,INSUFFICIENT_DATA,GT_UNDECIDABLE
B,pdf_dxf_reconciled,PLAN8,setbacks.left,INSUFFICIENT_DATA,REQUIRES_REVIEW,GT_UNDECIDABLE
B,pdf_dxf_reconciled,PLAN8,setbacks.rear,INSUFFICIENT_DATA,REQUIRES_REVIEW,GT_UNDECIDABLE
B,pdf_dxf_reconciled,PLAN8,setbacks.right,INSUFFICIENT_DATA,REQUIRES_REVIEW,GT_UNDECIDABLE
B,pdf_dxf_reconciled,PLAN8,coverage,INSUFFICIENT_DATA,PASS,GT_UNDECIDABLE
B,pdf_dxf_reconciled,PLAN8,far,INSUFFICIENT_DATA,FAIL,GT_UNDECIDABLE
B,pdf_dxf_reconciled,PLAN9,road.width,NOT_APPLICABLE,INSUFFICIENT_DATA,SPURIOUS_APPLICABILITY_INSUFFICIENT_DATA
B,pdf_dxf_reconciled,PLAN9,plot.depth,NOT_APPLICABLE,INSUFFICIENT_DATA,SPURIOUS_APPLICABILITY_INSUFFICIENT_DATA
B,pdf_dxf_reconciled,PLAN9,plot.width,NOT_APPLICABLE,INSUFFICIENT_DATA,SPURIOUS_APPLICABILITY_INSUFFICIENT_DATA
B,pdf_dxf_reconciled,PLAN9,setbacks.front,FAIL,FAIL,CORRECT_DECISION
B,pdf_dxf_reconciled,PLAN9,setbacks.left,FAIL,FAIL,CORRECT_DECISION
B,pdf_dxf_reconciled,PLAN9,setbacks.rear,PASS,FAIL,FALSE_FAIL
B,pdf_dxf_reconciled,PLAN9,setbacks.right,FAIL,FAIL,CORRECT_DECISION
B,pdf_dxf_reconciled,PLAN9,coverage,PASS,PASS,CORRECT_DECISION
B,pdf_dxf_reconciled,PLAN9,far,INSUFFICIENT_DATA,REQUIRES_REVIEW,GT_UNDECIDABLE
B,pdf_hybrid__ungated,PLAN1,setbacks.front,FAIL,FAIL,CORRECT_DECISION
B,pdf_hybrid__ungated,PLAN1,setbacks.left,FAIL,FAIL,CORRECT_DECISION
B,pdf_hybrid__ungated,PLAN1,setbacks.rear,FAIL,FAIL,CORRECT_DECISION
B,pdf_hybrid__ungated,PLAN1,setbacks.right,FAIL,FAIL,CORRECT_DECISION
B,pdf_hybrid__ungated,PLAN1,coverage,FAIL,FAIL,CORRECT_DECISION
B,pdf_hybrid__ungated,PLAN1,far,FAIL,FAIL,CORRECT_DECISION
B,pdf_hybrid__ungated,PLAN2,setbacks.front,FAIL,FAIL,CORRECT_DECISION
B,pdf_hybrid__ungated,PLAN2,setbacks.left,FAIL,FAIL,CORRECT_DECISION
B,pdf_hybrid__ungated,PLAN2,setbacks.rear,FAIL,FAIL,CORRECT_DECISION
B,pdf_hybrid__ungated,PLAN2,setbacks.right,FAIL,FAIL,CORRECT_DECISION
B,pdf_hybrid__ungated,PLAN2,coverage,FAIL,FAIL,CORRECT_DECISION
B,pdf_hybrid__ungated,PLAN2,far,FAIL,FAIL,CORRECT_DECISION
B,pdf_hybrid__ungated,PLAN4,road.width,FAIL,FAIL,CORRECT_DECISION
B,pdf_hybrid__ungated,PLAN4,plot.depth,FAIL,FAIL,CORRECT_DECISION
B,pdf_hybrid__ungated,PLAN4,plot.width,FAIL,FAIL,CORRECT_DECISION
B,pdf_hybrid__ungated,PLAN4,setbacks.front,FAIL,FAIL,CORRECT_DECISION
B,pdf_hybrid__ungated,PLAN4,setbacks.left,PASS,PASS,CORRECT_DECISION
B,pdf_hybrid__ungated,PLAN4,setbacks.rear,FAIL,FAIL,CORRECT_DECISION
B,pdf_hybrid__ungated,PLAN4,setbacks.right,FAIL,FAIL,CORRECT_DECISION
B,pdf_hybrid__ungated,PLAN4,coverage,FAIL,FAIL,CORRECT_DECISION
B,pdf_hybrid__ungated,PLAN4,far,INSUFFICIENT_DATA,FAIL,GT_UNDECIDABLE
B,pdf_hybrid__ungated,PLAN5,setbacks.front,INSUFFICIENT_DATA,INSUFFICIENT_DATA,GT_UNDECIDABLE
B,pdf_hybrid__ungated,PLAN5,setbacks.left,FAIL,FAIL,CORRECT_DECISION
B,pdf_hybrid__ungated,PLAN5,setbacks.rear,PASS,PASS,CORRECT_DECISION
B,pdf_hybrid__ungated,PLAN5,setbacks.right,FAIL,FAIL,CORRECT_DECISION
B,pdf_hybrid__ungated,PLAN5,coverage,PASS,PASS,CORRECT_DECISION
B,pdf_hybrid__ungated,PLAN5,far,INSUFFICIENT_DATA,FAIL,GT_UNDECIDABLE
B,pdf_hybrid__ungated,PLAN6,setbacks.front,INSUFFICIENT_DATA,INSUFFICIENT_DATA,GT_UNDECIDABLE
B,pdf_hybrid__ungated,PLAN6,setbacks.left,INSUFFICIENT_DATA,FAIL,GT_UNDECIDABLE
B,pdf_hybrid__ungated,PLAN6,setbacks.rear,INSUFFICIENT_DATA,FAIL,GT_UNDECIDABLE
B,pdf_hybrid__ungated,PLAN6,setbacks.right,INSUFFICIENT_DATA,FAIL,GT_UNDECIDABLE
B,pdf_hybrid__ungated,PLAN6,coverage,FAIL,FAIL,CORRECT_DECISION
B,pdf_hybrid__ungated,PLAN6,far,FAIL,FAIL,CORRECT_DECISION
B,pdf_hybrid__ungated,PLAN7,road.width,NOT_APPLICABLE,INSUFFICIENT_DATA,SPURIOUS_APPLICABILITY_INSUFFICIENT_DATA
B,pdf_hybrid__ungated,PLAN7,plot.depth,NOT_APPLICABLE,INSUFFICIENT_DATA,SPURIOUS_APPLICABILITY_INSUFFICIENT_DATA
B,pdf_hybrid__ungated,PLAN7,plot.width,NOT_APPLICABLE,INSUFFICIENT_DATA,SPURIOUS_APPLICABILITY_INSUFFICIENT_DATA
B,pdf_hybrid__ungated,PLAN7,setbacks.front,INSUFFICIENT_DATA,INSUFFICIENT_DATA,GT_UNDECIDABLE
B,pdf_hybrid__ungated,PLAN7,setbacks.left,INSUFFICIENT_DATA,INSUFFICIENT_DATA,GT_UNDECIDABLE
B,pdf_hybrid__ungated,PLAN7,setbacks.rear,INSUFFICIENT_DATA,NOT_APPLICABLE,GT_UNDECIDABLE
B,pdf_hybrid__ungated,PLAN7,setbacks.right,INSUFFICIENT_DATA,INSUFFICIENT_DATA,GT_UNDECIDABLE
B,pdf_hybrid__ungated,PLAN7,coverage,INSUFFICIENT_DATA,FAIL,GT_UNDECIDABLE
B,pdf_hybrid__ungated,PLAN7,far,INSUFFICIENT_DATA,PASS,GT_UNDECIDABLE
B,pdf_hybrid__ungated,PLAN8,setbacks.front,INSUFFICIENT_DATA,FAIL,GT_UNDECIDABLE
B,pdf_hybrid__ungated,PLAN8,setbacks.left,INSUFFICIENT_DATA,PASS,GT_UNDECIDABLE
B,pdf_hybrid__ungated,PLAN8,setbacks.rear,INSUFFICIENT_DATA,PASS,GT_UNDECIDABLE
B,pdf_hybrid__ungated,PLAN8,setbacks.right,INSUFFICIENT_DATA,FAIL,GT_UNDECIDABLE
B,pdf_hybrid__ungated,PLAN8,coverage,INSUFFICIENT_DATA,PASS,GT_UNDECIDABLE
B,pdf_hybrid__ungated,PLAN8,far,INSUFFICIENT_DATA,FAIL,GT_UNDECIDABLE
B,pdf_hybrid__ungated,PLAN9,road.width,NOT_APPLICABLE,INSUFFICIENT_DATA,SPURIOUS_APPLICABILITY_INSUFFICIENT_DATA
B,pdf_hybrid__ungated,PLAN9,plot.depth,NOT_APPLICABLE,INSUFFICIENT_DATA,SPURIOUS_APPLICABILITY_INSUFFICIENT_DATA
B,pdf_hybrid__ungated,PLAN9,plot.width,NOT_APPLICABLE,INSUFFICIENT_DATA,SPURIOUS_APPLICABILITY_INSUFFICIENT_DATA
B,pdf_hybrid__ungated,PLAN9,setbacks.front,FAIL,FAIL,CORRECT_DECISION
B,pdf_hybrid__ungated,PLAN9,setbacks.left,FAIL,FAIL,CORRECT_DECISION
B,pdf_hybrid__ungated,PLAN9,setbacks.rear,PASS,FAIL,FALSE_FAIL
B,pdf_hybrid__ungated,PLAN9,setbacks.right,FAIL,FAIL,CORRECT_DECISION
B,pdf_hybrid__ungated,PLAN9,coverage,PASS,PASS,CORRECT_DECISION
B,pdf_hybrid__ungated,PLAN9,far,INSUFFICIENT_DATA,PASS,GT_UNDECIDABLE
B,dxf_hybrid__ungated,PLAN1,road.width,NOT_APPLICABLE,INSUFFICIENT_DATA,SPURIOUS_APPLICABILITY_INSUFFICIENT_DATA
B,dxf_hybrid__ungated,PLAN1,plot.depth,NOT_APPLICABLE,INSUFFICIENT_DATA,SPURIOUS_APPLICABILITY_INSUFFICIENT_DATA
B,dxf_hybrid__ungated,PLAN1,plot.width,NOT_APPLICABLE,INSUFFICIENT_DATA,SPURIOUS_APPLICABILITY_INSUFFICIENT_DATA
B,dxf_hybrid__ungated,PLAN1,setbacks.front,FAIL,FAIL,CORRECT_DECISION
B,dxf_hybrid__ungated,PLAN1,setbacks.left,FAIL,PASS,FALSE_PASS
B,dxf_hybrid__ungated,PLAN1,setbacks.rear,FAIL,PASS,FALSE_PASS
B,dxf_hybrid__ungated,PLAN1,setbacks.right,FAIL,FAIL,CORRECT_DECISION
B,dxf_hybrid__ungated,PLAN1,coverage,FAIL,FAIL,CORRECT_DECISION
B,dxf_hybrid__ungated,PLAN1,far,FAIL,PASS,FALSE_PASS
B,dxf_hybrid__ungated,PLAN2,road.width,NOT_APPLICABLE,INSUFFICIENT_DATA,SPURIOUS_APPLICABILITY_INSUFFICIENT_DATA
B,dxf_hybrid__ungated,PLAN2,plot.depth,NOT_APPLICABLE,INSUFFICIENT_DATA,SPURIOUS_APPLICABILITY_INSUFFICIENT_DATA
B,dxf_hybrid__ungated,PLAN2,plot.width,NOT_APPLICABLE,INSUFFICIENT_DATA,SPURIOUS_APPLICABILITY_INSUFFICIENT_DATA
B,dxf_hybrid__ungated,PLAN2,setbacks.front,FAIL,FAIL,CORRECT_DECISION
B,dxf_hybrid__ungated,PLAN2,setbacks.left,FAIL,FAIL,CORRECT_DECISION
B,dxf_hybrid__ungated,PLAN2,setbacks.rear,FAIL,FAIL,CORRECT_DECISION
B,dxf_hybrid__ungated,PLAN2,setbacks.right,FAIL,FAIL,CORRECT_DECISION
B,dxf_hybrid__ungated,PLAN2,coverage,FAIL,FAIL,CORRECT_DECISION
B,dxf_hybrid__ungated,PLAN2,far,FAIL,PASS,FALSE_PASS
B,dxf_hybrid__ungated,PLAN4,road.width,FAIL,INSUFFICIENT_DATA,ABSTAIN_INSUFFICIENT_DATA
B,dxf_hybrid__ungated,PLAN4,plot.depth,FAIL,INSUFFICIENT_DATA,ABSTAIN_INSUFFICIENT_DATA
B,dxf_hybrid__ungated,PLAN4,plot.width,FAIL,INSUFFICIENT_DATA,ABSTAIN_INSUFFICIENT_DATA
B,dxf_hybrid__ungated,PLAN4,setbacks.front,FAIL,INSUFFICIENT_DATA,ABSTAIN_INSUFFICIENT_DATA
B,dxf_hybrid__ungated,PLAN4,setbacks.left,PASS,NOT_APPLICABLE,APPLICABILITY_FLIP
B,dxf_hybrid__ungated,PLAN4,setbacks.rear,FAIL,INSUFFICIENT_DATA,ABSTAIN_INSUFFICIENT_DATA
B,dxf_hybrid__ungated,PLAN4,setbacks.right,FAIL,INSUFFICIENT_DATA,ABSTAIN_INSUFFICIENT_DATA
B,dxf_hybrid__ungated,PLAN4,coverage,FAIL,INSUFFICIENT_DATA,ABSTAIN_INSUFFICIENT_DATA
B,dxf_hybrid__ungated,PLAN4,far,INSUFFICIENT_DATA,INSUFFICIENT_DATA,GT_UNDECIDABLE
B,dxf_hybrid__ungated,PLAN5,road.width,NOT_APPLICABLE,INSUFFICIENT_DATA,SPURIOUS_APPLICABILITY_INSUFFICIENT_DATA
B,dxf_hybrid__ungated,PLAN5,plot.depth,NOT_APPLICABLE,INSUFFICIENT_DATA,SPURIOUS_APPLICABILITY_INSUFFICIENT_DATA
B,dxf_hybrid__ungated,PLAN5,plot.width,NOT_APPLICABLE,INSUFFICIENT_DATA,SPURIOUS_APPLICABILITY_INSUFFICIENT_DATA
B,dxf_hybrid__ungated,PLAN5,setbacks.front,INSUFFICIENT_DATA,INSUFFICIENT_DATA,GT_UNDECIDABLE
B,dxf_hybrid__ungated,PLAN5,setbacks.left,FAIL,NOT_APPLICABLE,APPLICABILITY_FLIP
B,dxf_hybrid__ungated,PLAN5,setbacks.rear,PASS,NOT_APPLICABLE,APPLICABILITY_FLIP
B,dxf_hybrid__ungated,PLAN5,setbacks.right,FAIL,INSUFFICIENT_DATA,ABSTAIN_INSUFFICIENT_DATA
B,dxf_hybrid__ungated,PLAN5,coverage,PASS,INSUFFICIENT_DATA,ABSTAIN_INSUFFICIENT_DATA
B,dxf_hybrid__ungated,PLAN5,far,INSUFFICIENT_DATA,INSUFFICIENT_DATA,GT_UNDECIDABLE
B,dxf_hybrid__ungated,PLAN6,road.width,NOT_APPLICABLE,INSUFFICIENT_DATA,SPURIOUS_APPLICABILITY_INSUFFICIENT_DATA
B,dxf_hybrid__ungated,PLAN6,plot.depth,NOT_APPLICABLE,INSUFFICIENT_DATA,SPURIOUS_APPLICABILITY_INSUFFICIENT_DATA
B,dxf_hybrid__ungated,PLAN6,plot.width,NOT_APPLICABLE,INSUFFICIENT_DATA,SPURIOUS_APPLICABILITY_INSUFFICIENT_DATA
B,dxf_hybrid__ungated,PLAN6,setbacks.front,INSUFFICIENT_DATA,FAIL,GT_UNDECIDABLE
B,dxf_hybrid__ungated,PLAN6,setbacks.left,INSUFFICIENT_DATA,INSUFFICIENT_DATA,GT_UNDECIDABLE
B,dxf_hybrid__ungated,PLAN6,setbacks.rear,INSUFFICIENT_DATA,NOT_APPLICABLE,GT_UNDECIDABLE
B,dxf_hybrid__ungated,PLAN6,setbacks.right,INSUFFICIENT_DATA,FAIL,GT_UNDECIDABLE
B,dxf_hybrid__ungated,PLAN6,coverage,FAIL,PASS,FALSE_PASS
B,dxf_hybrid__ungated,PLAN6,far,FAIL,PASS,FALSE_PASS
B,dxf_hybrid__ungated,PLAN7,road.width,NOT_APPLICABLE,INSUFFICIENT_DATA,SPURIOUS_APPLICABILITY_INSUFFICIENT_DATA
B,dxf_hybrid__ungated,PLAN7,plot.depth,NOT_APPLICABLE,INSUFFICIENT_DATA,SPURIOUS_APPLICABILITY_INSUFFICIENT_DATA
B,dxf_hybrid__ungated,PLAN7,plot.width,NOT_APPLICABLE,INSUFFICIENT_DATA,SPURIOUS_APPLICABILITY_INSUFFICIENT_DATA
B,dxf_hybrid__ungated,PLAN7,setbacks.front,INSUFFICIENT_DATA,INSUFFICIENT_DATA,GT_UNDECIDABLE
B,dxf_hybrid__ungated,PLAN7,setbacks.left,INSUFFICIENT_DATA,INSUFFICIENT_DATA,GT_UNDECIDABLE
B,dxf_hybrid__ungated,PLAN7,setbacks.rear,INSUFFICIENT_DATA,INSUFFICIENT_DATA,GT_UNDECIDABLE
B,dxf_hybrid__ungated,PLAN7,setbacks.right,INSUFFICIENT_DATA,INSUFFICIENT_DATA,GT_UNDECIDABLE
B,dxf_hybrid__ungated,PLAN7,coverage,INSUFFICIENT_DATA,INSUFFICIENT_DATA,GT_UNDECIDABLE
B,dxf_hybrid__ungated,PLAN7,far,INSUFFICIENT_DATA,INSUFFICIENT_DATA,GT_UNDECIDABLE
B,dxf_hybrid__ungated,PLAN8,road.width,NOT_APPLICABLE,INSUFFICIENT_DATA,SPURIOUS_APPLICABILITY_INSUFFICIENT_DATA
B,dxf_hybrid__ungated,PLAN8,plot.depth,NOT_APPLICABLE,INSUFFICIENT_DATA,SPURIOUS_APPLICABILITY_INSUFFICIENT_DATA
B,dxf_hybrid__ungated,PLAN8,plot.width,NOT_APPLICABLE,INSUFFICIENT_DATA,SPURIOUS_APPLICABILITY_INSUFFICIENT_DATA
B,dxf_hybrid__ungated,PLAN8,setbacks.front,INSUFFICIENT_DATA,FAIL,GT_UNDECIDABLE
B,dxf_hybrid__ungated,PLAN8,setbacks.left,INSUFFICIENT_DATA,FAIL,GT_UNDECIDABLE
B,dxf_hybrid__ungated,PLAN8,setbacks.rear,INSUFFICIENT_DATA,PASS,GT_UNDECIDABLE
B,dxf_hybrid__ungated,PLAN8,setbacks.right,INSUFFICIENT_DATA,PASS,GT_UNDECIDABLE
B,dxf_hybrid__ungated,PLAN8,coverage,INSUFFICIENT_DATA,PASS,GT_UNDECIDABLE
B,dxf_hybrid__ungated,PLAN8,far,INSUFFICIENT_DATA,FAIL,GT_UNDECIDABLE
B,dxf_hybrid__ungated,PLAN9,road.width,NOT_APPLICABLE,INSUFFICIENT_DATA,SPURIOUS_APPLICABILITY_INSUFFICIENT_DATA
B,dxf_hybrid__ungated,PLAN9,plot.depth,NOT_APPLICABLE,INSUFFICIENT_DATA,SPURIOUS_APPLICABILITY_INSUFFICIENT_DATA
B,dxf_hybrid__ungated,PLAN9,plot.width,NOT_APPLICABLE,INSUFFICIENT_DATA,SPURIOUS_APPLICABILITY_INSUFFICIENT_DATA
B,dxf_hybrid__ungated,PLAN9,setbacks.front,FAIL,INSUFFICIENT_DATA,ABSTAIN_INSUFFICIENT_DATA
B,dxf_hybrid__ungated,PLAN9,setbacks.left,FAIL,FAIL,CORRECT_DECISION
B,dxf_hybrid__ungated,PLAN9,setbacks.rear,PASS,PASS,CORRECT_DECISION
B,dxf_hybrid__ungated,PLAN9,setbacks.right,FAIL,FAIL,CORRECT_DECISION
B,dxf_hybrid__ungated,PLAN9,coverage,PASS,PASS,CORRECT_DECISION
B,dxf_hybrid__ungated,PLAN9,far,INSUFFICIENT_DATA,PASS,GT_UNDECIDABLE
B,dxf_evidence_decision__ungated,PLAN1,road.width,NOT_APPLICABLE,INSUFFICIENT_DATA,SPURIOUS_APPLICABILITY_INSUFFICIENT_DATA
B,dxf_evidence_decision__ungated,PLAN1,plot.depth,NOT_APPLICABLE,INSUFFICIENT_DATA,SPURIOUS_APPLICABILITY_INSUFFICIENT_DATA
B,dxf_evidence_decision__ungated,PLAN1,plot.width,NOT_APPLICABLE,INSUFFICIENT_DATA,SPURIOUS_APPLICABILITY_INSUFFICIENT_DATA
B,dxf_evidence_decision__ungated,PLAN1,setbacks.front,FAIL,FAIL,CORRECT_DECISION
B,dxf_evidence_decision__ungated,PLAN1,setbacks.left,FAIL,PASS,FALSE_PASS
B,dxf_evidence_decision__ungated,PLAN1,setbacks.rear,FAIL,PASS,FALSE_PASS
B,dxf_evidence_decision__ungated,PLAN1,setbacks.right,FAIL,FAIL,CORRECT_DECISION
B,dxf_evidence_decision__ungated,PLAN1,coverage,FAIL,FAIL,CORRECT_DECISION
B,dxf_evidence_decision__ungated,PLAN1,far,FAIL,PASS,FALSE_PASS
B,dxf_evidence_decision__ungated,PLAN2,road.width,NOT_APPLICABLE,INSUFFICIENT_DATA,SPURIOUS_APPLICABILITY_INSUFFICIENT_DATA
B,dxf_evidence_decision__ungated,PLAN2,plot.depth,NOT_APPLICABLE,INSUFFICIENT_DATA,SPURIOUS_APPLICABILITY_INSUFFICIENT_DATA
B,dxf_evidence_decision__ungated,PLAN2,plot.width,NOT_APPLICABLE,INSUFFICIENT_DATA,SPURIOUS_APPLICABILITY_INSUFFICIENT_DATA
B,dxf_evidence_decision__ungated,PLAN2,setbacks.front,FAIL,FAIL,CORRECT_DECISION
B,dxf_evidence_decision__ungated,PLAN2,setbacks.left,FAIL,FAIL,CORRECT_DECISION
B,dxf_evidence_decision__ungated,PLAN2,setbacks.rear,FAIL,FAIL,CORRECT_DECISION
B,dxf_evidence_decision__ungated,PLAN2,setbacks.right,FAIL,FAIL,CORRECT_DECISION
B,dxf_evidence_decision__ungated,PLAN2,coverage,FAIL,FAIL,CORRECT_DECISION
B,dxf_evidence_decision__ungated,PLAN2,far,FAIL,PASS,FALSE_PASS
B,dxf_evidence_decision__ungated,PLAN4,road.width,FAIL,INSUFFICIENT_DATA,ABSTAIN_INSUFFICIENT_DATA
B,dxf_evidence_decision__ungated,PLAN4,plot.depth,FAIL,INSUFFICIENT_DATA,ABSTAIN_INSUFFICIENT_DATA
B,dxf_evidence_decision__ungated,PLAN4,plot.width,FAIL,INSUFFICIENT_DATA,ABSTAIN_INSUFFICIENT_DATA
B,dxf_evidence_decision__ungated,PLAN4,setbacks.front,FAIL,INSUFFICIENT_DATA,ABSTAIN_INSUFFICIENT_DATA
B,dxf_evidence_decision__ungated,PLAN4,setbacks.left,PASS,INSUFFICIENT_DATA,ABSTAIN_INSUFFICIENT_DATA
B,dxf_evidence_decision__ungated,PLAN4,setbacks.rear,FAIL,INSUFFICIENT_DATA,ABSTAIN_INSUFFICIENT_DATA
B,dxf_evidence_decision__ungated,PLAN4,setbacks.right,FAIL,INSUFFICIENT_DATA,ABSTAIN_INSUFFICIENT_DATA
B,dxf_evidence_decision__ungated,PLAN4,coverage,FAIL,INSUFFICIENT_DATA,ABSTAIN_INSUFFICIENT_DATA
B,dxf_evidence_decision__ungated,PLAN4,far,INSUFFICIENT_DATA,INSUFFICIENT_DATA,GT_UNDECIDABLE
B,dxf_evidence_decision__ungated,PLAN5,road.width,NOT_APPLICABLE,INSUFFICIENT_DATA,SPURIOUS_APPLICABILITY_INSUFFICIENT_DATA
B,dxf_evidence_decision__ungated,PLAN5,plot.depth,NOT_APPLICABLE,INSUFFICIENT_DATA,SPURIOUS_APPLICABILITY_INSUFFICIENT_DATA
B,dxf_evidence_decision__ungated,PLAN5,plot.width,NOT_APPLICABLE,INSUFFICIENT_DATA,SPURIOUS_APPLICABILITY_INSUFFICIENT_DATA
B,dxf_evidence_decision__ungated,PLAN5,setbacks.front,INSUFFICIENT_DATA,INSUFFICIENT_DATA,GT_UNDECIDABLE
B,dxf_evidence_decision__ungated,PLAN5,setbacks.left,FAIL,NOT_APPLICABLE,APPLICABILITY_FLIP
B,dxf_evidence_decision__ungated,PLAN5,setbacks.rear,PASS,NOT_APPLICABLE,APPLICABILITY_FLIP
B,dxf_evidence_decision__ungated,PLAN5,setbacks.right,FAIL,INSUFFICIENT_DATA,ABSTAIN_INSUFFICIENT_DATA
B,dxf_evidence_decision__ungated,PLAN5,coverage,PASS,INSUFFICIENT_DATA,ABSTAIN_INSUFFICIENT_DATA
B,dxf_evidence_decision__ungated,PLAN5,far,INSUFFICIENT_DATA,INSUFFICIENT_DATA,GT_UNDECIDABLE
B,dxf_evidence_decision__ungated,PLAN6,road.width,NOT_APPLICABLE,INSUFFICIENT_DATA,SPURIOUS_APPLICABILITY_INSUFFICIENT_DATA
B,dxf_evidence_decision__ungated,PLAN6,plot.depth,NOT_APPLICABLE,INSUFFICIENT_DATA,SPURIOUS_APPLICABILITY_INSUFFICIENT_DATA
B,dxf_evidence_decision__ungated,PLAN6,plot.width,NOT_APPLICABLE,INSUFFICIENT_DATA,SPURIOUS_APPLICABILITY_INSUFFICIENT_DATA
B,dxf_evidence_decision__ungated,PLAN6,setbacks.front,INSUFFICIENT_DATA,INSUFFICIENT_DATA,GT_UNDECIDABLE
B,dxf_evidence_decision__ungated,PLAN6,setbacks.left,INSUFFICIENT_DATA,INSUFFICIENT_DATA,GT_UNDECIDABLE
B,dxf_evidence_decision__ungated,PLAN6,setbacks.rear,INSUFFICIENT_DATA,INSUFFICIENT_DATA,GT_UNDECIDABLE
B,dxf_evidence_decision__ungated,PLAN6,setbacks.right,INSUFFICIENT_DATA,INSUFFICIENT_DATA,GT_UNDECIDABLE
B,dxf_evidence_decision__ungated,PLAN6,coverage,FAIL,INSUFFICIENT_DATA,ABSTAIN_INSUFFICIENT_DATA
B,dxf_evidence_decision__ungated,PLAN6,far,FAIL,INSUFFICIENT_DATA,ABSTAIN_INSUFFICIENT_DATA
B,dxf_evidence_decision__ungated,PLAN7,road.width,NOT_APPLICABLE,INSUFFICIENT_DATA,SPURIOUS_APPLICABILITY_INSUFFICIENT_DATA
B,dxf_evidence_decision__ungated,PLAN7,plot.depth,NOT_APPLICABLE,INSUFFICIENT_DATA,SPURIOUS_APPLICABILITY_INSUFFICIENT_DATA
B,dxf_evidence_decision__ungated,PLAN7,plot.width,NOT_APPLICABLE,INSUFFICIENT_DATA,SPURIOUS_APPLICABILITY_INSUFFICIENT_DATA
B,dxf_evidence_decision__ungated,PLAN7,setbacks.front,INSUFFICIENT_DATA,INSUFFICIENT_DATA,GT_UNDECIDABLE
B,dxf_evidence_decision__ungated,PLAN7,setbacks.left,INSUFFICIENT_DATA,INSUFFICIENT_DATA,GT_UNDECIDABLE
B,dxf_evidence_decision__ungated,PLAN7,setbacks.rear,INSUFFICIENT_DATA,INSUFFICIENT_DATA,GT_UNDECIDABLE
B,dxf_evidence_decision__ungated,PLAN7,setbacks.right,INSUFFICIENT_DATA,INSUFFICIENT_DATA,GT_UNDECIDABLE
B,dxf_evidence_decision__ungated,PLAN7,coverage,INSUFFICIENT_DATA,INSUFFICIENT_DATA,GT_UNDECIDABLE
B,dxf_evidence_decision__ungated,PLAN7,far,INSUFFICIENT_DATA,INSUFFICIENT_DATA,GT_UNDECIDABLE
B,dxf_evidence_decision__ungated,PLAN8,road.width,NOT_APPLICABLE,INSUFFICIENT_DATA,SPURIOUS_APPLICABILITY_INSUFFICIENT_DATA
B,dxf_evidence_decision__ungated,PLAN8,plot.depth,NOT_APPLICABLE,INSUFFICIENT_DATA,SPURIOUS_APPLICABILITY_INSUFFICIENT_DATA
B,dxf_evidence_decision__ungated,PLAN8,plot.width,NOT_APPLICABLE,INSUFFICIENT_DATA,SPURIOUS_APPLICABILITY_INSUFFICIENT_DATA
B,dxf_evidence_decision__ungated,PLAN8,setbacks.front,INSUFFICIENT_DATA,FAIL,GT_UNDECIDABLE
B,dxf_evidence_decision__ungated,PLAN8,setbacks.left,INSUFFICIENT_DATA,FAIL,GT_UNDECIDABLE
B,dxf_evidence_decision__ungated,PLAN8,setbacks.rear,INSUFFICIENT_DATA,PASS,GT_UNDECIDABLE
B,dxf_evidence_decision__ungated,PLAN8,setbacks.right,INSUFFICIENT_DATA,PASS,GT_UNDECIDABLE
B,dxf_evidence_decision__ungated,PLAN8,coverage,INSUFFICIENT_DATA,PASS,GT_UNDECIDABLE
B,dxf_evidence_decision__ungated,PLAN8,far,INSUFFICIENT_DATA,FAIL,GT_UNDECIDABLE
B,dxf_evidence_decision__ungated,PLAN9,road.width,NOT_APPLICABLE,INSUFFICIENT_DATA,SPURIOUS_APPLICABILITY_INSUFFICIENT_DATA
B,dxf_evidence_decision__ungated,PLAN9,plot.depth,NOT_APPLICABLE,INSUFFICIENT_DATA,SPURIOUS_APPLICABILITY_INSUFFICIENT_DATA
B,dxf_evidence_decision__ungated,PLAN9,plot.width,NOT_APPLICABLE,INSUFFICIENT_DATA,SPURIOUS_APPLICABILITY_INSUFFICIENT_DATA
B,dxf_evidence_decision__ungated,PLAN9,setbacks.front,FAIL,INSUFFICIENT_DATA,ABSTAIN_INSUFFICIENT_DATA
B,dxf_evidence_decision__ungated,PLAN9,setbacks.left,FAIL,INSUFFICIENT_DATA,ABSTAIN_INSUFFICIENT_DATA
B,dxf_evidence_decision__ungated,PLAN9,setbacks.rear,PASS,INSUFFICIENT_DATA,ABSTAIN_INSUFFICIENT_DATA
B,dxf_evidence_decision__ungated,PLAN9,setbacks.right,FAIL,INSUFFICIENT_DATA,ABSTAIN_INSUFFICIENT_DATA
B,dxf_evidence_decision__ungated,PLAN9,coverage,PASS,INSUFFICIENT_DATA,ABSTAIN_INSUFFICIENT_DATA
B,dxf_evidence_decision__ungated,PLAN9,far,INSUFFICIENT_DATA,INSUFFICIENT_DATA,GT_UNDECIDABLE
B,pdf_evidence_decision__ungated,PLAN1,setbacks.front,FAIL,FAIL,CORRECT_DECISION
B,pdf_evidence_decision__ungated,PLAN1,setbacks.left,FAIL,FAIL,CORRECT_DECISION
B,pdf_evidence_decision__ungated,PLAN1,setbacks.rear,FAIL,FAIL,CORRECT_DECISION
B,pdf_evidence_decision__ungated,PLAN1,setbacks.right,FAIL,FAIL,CORRECT_DECISION
B,pdf_evidence_decision__ungated,PLAN1,coverage,FAIL,FAIL,CORRECT_DECISION
B,pdf_evidence_decision__ungated,PLAN1,far,FAIL,FAIL,CORRECT_DECISION
B,pdf_evidence_decision__ungated,PLAN2,setbacks.front,FAIL,FAIL,CORRECT_DECISION
B,pdf_evidence_decision__ungated,PLAN2,setbacks.left,FAIL,FAIL,CORRECT_DECISION
B,pdf_evidence_decision__ungated,PLAN2,setbacks.rear,FAIL,FAIL,CORRECT_DECISION
B,pdf_evidence_decision__ungated,PLAN2,setbacks.right,FAIL,FAIL,CORRECT_DECISION
B,pdf_evidence_decision__ungated,PLAN2,coverage,FAIL,FAIL,CORRECT_DECISION
B,pdf_evidence_decision__ungated,PLAN2,far,FAIL,FAIL,CORRECT_DECISION
B,pdf_evidence_decision__ungated,PLAN4,road.width,FAIL,FAIL,CORRECT_DECISION
B,pdf_evidence_decision__ungated,PLAN4,plot.depth,FAIL,FAIL,CORRECT_DECISION
B,pdf_evidence_decision__ungated,PLAN4,plot.width,FAIL,FAIL,CORRECT_DECISION
B,pdf_evidence_decision__ungated,PLAN4,setbacks.front,FAIL,FAIL,CORRECT_DECISION
B,pdf_evidence_decision__ungated,PLAN4,setbacks.left,PASS,PASS,CORRECT_DECISION
B,pdf_evidence_decision__ungated,PLAN4,setbacks.rear,FAIL,FAIL,CORRECT_DECISION
B,pdf_evidence_decision__ungated,PLAN4,setbacks.right,FAIL,FAIL,CORRECT_DECISION
B,pdf_evidence_decision__ungated,PLAN4,coverage,FAIL,FAIL,CORRECT_DECISION
B,pdf_evidence_decision__ungated,PLAN4,far,INSUFFICIENT_DATA,FAIL,GT_UNDECIDABLE
B,pdf_evidence_decision__ungated,PLAN5,setbacks.front,INSUFFICIENT_DATA,INSUFFICIENT_DATA,GT_UNDECIDABLE
B,pdf_evidence_decision__ungated,PLAN5,setbacks.left,FAIL,FAIL,CORRECT_DECISION
B,pdf_evidence_decision__ungated,PLAN5,setbacks.rear,PASS,PASS,CORRECT_DECISION
B,pdf_evidence_decision__ungated,PLAN5,setbacks.right,FAIL,FAIL,CORRECT_DECISION
B,pdf_evidence_decision__ungated,PLAN5,coverage,PASS,PASS,CORRECT_DECISION
B,pdf_evidence_decision__ungated,PLAN5,far,INSUFFICIENT_DATA,FAIL,GT_UNDECIDABLE
B,pdf_evidence_decision__ungated,PLAN6,setbacks.front,INSUFFICIENT_DATA,INSUFFICIENT_DATA,GT_UNDECIDABLE
B,pdf_evidence_decision__ungated,PLAN6,setbacks.left,INSUFFICIENT_DATA,FAIL,GT_UNDECIDABLE
B,pdf_evidence_decision__ungated,PLAN6,setbacks.rear,INSUFFICIENT_DATA,FAIL,GT_UNDECIDABLE
B,pdf_evidence_decision__ungated,PLAN6,setbacks.right,INSUFFICIENT_DATA,FAIL,GT_UNDECIDABLE
B,pdf_evidence_decision__ungated,PLAN6,coverage,FAIL,FAIL,CORRECT_DECISION
B,pdf_evidence_decision__ungated,PLAN6,far,FAIL,FAIL,CORRECT_DECISION
B,pdf_evidence_decision__ungated,PLAN7,road.width,NOT_APPLICABLE,INSUFFICIENT_DATA,SPURIOUS_APPLICABILITY_INSUFFICIENT_DATA
B,pdf_evidence_decision__ungated,PLAN7,plot.depth,NOT_APPLICABLE,INSUFFICIENT_DATA,SPURIOUS_APPLICABILITY_INSUFFICIENT_DATA
B,pdf_evidence_decision__ungated,PLAN7,plot.width,NOT_APPLICABLE,INSUFFICIENT_DATA,SPURIOUS_APPLICABILITY_INSUFFICIENT_DATA
B,pdf_evidence_decision__ungated,PLAN7,setbacks.front,INSUFFICIENT_DATA,INSUFFICIENT_DATA,GT_UNDECIDABLE
B,pdf_evidence_decision__ungated,PLAN7,setbacks.left,INSUFFICIENT_DATA,INSUFFICIENT_DATA,GT_UNDECIDABLE
B,pdf_evidence_decision__ungated,PLAN7,setbacks.rear,INSUFFICIENT_DATA,INSUFFICIENT_DATA,GT_UNDECIDABLE
B,pdf_evidence_decision__ungated,PLAN7,setbacks.right,INSUFFICIENT_DATA,INSUFFICIENT_DATA,GT_UNDECIDABLE
B,pdf_evidence_decision__ungated,PLAN7,coverage,INSUFFICIENT_DATA,INSUFFICIENT_DATA,GT_UNDECIDABLE
B,pdf_evidence_decision__ungated,PLAN7,far,INSUFFICIENT_DATA,INSUFFICIENT_DATA,GT_UNDECIDABLE
B,pdf_evidence_decision__ungated,PLAN8,setbacks.front,INSUFFICIENT_DATA,FAIL,GT_UNDECIDABLE
B,pdf_evidence_decision__ungated,PLAN8,setbacks.left,INSUFFICIENT_DATA,PASS,GT_UNDECIDABLE
B,pdf_evidence_decision__ungated,PLAN8,setbacks.rear,INSUFFICIENT_DATA,PASS,GT_UNDECIDABLE
B,pdf_evidence_decision__ungated,PLAN8,setbacks.right,INSUFFICIENT_DATA,FAIL,GT_UNDECIDABLE
B,pdf_evidence_decision__ungated,PLAN8,coverage,INSUFFICIENT_DATA,PASS,GT_UNDECIDABLE
B,pdf_evidence_decision__ungated,PLAN8,far,INSUFFICIENT_DATA,FAIL,GT_UNDECIDABLE
B,pdf_evidence_decision__ungated,PLAN9,road.width,NOT_APPLICABLE,INSUFFICIENT_DATA,SPURIOUS_APPLICABILITY_INSUFFICIENT_DATA
B,pdf_evidence_decision__ungated,PLAN9,plot.depth,NOT_APPLICABLE,INSUFFICIENT_DATA,SPURIOUS_APPLICABILITY_INSUFFICIENT_DATA
B,pdf_evidence_decision__ungated,PLAN9,plot.width,NOT_APPLICABLE,INSUFFICIENT_DATA,SPURIOUS_APPLICABILITY_INSUFFICIENT_DATA
B,pdf_evidence_decision__ungated,PLAN9,setbacks.front,FAIL,FAIL,CORRECT_DECISION
B,pdf_evidence_decision__ungated,PLAN9,setbacks.left,FAIL,FAIL,CORRECT_DECISION
B,pdf_evidence_decision__ungated,PLAN9,setbacks.rear,PASS,FAIL,FALSE_FAIL
B,pdf_evidence_decision__ungated,PLAN9,setbacks.right,FAIL,FAIL,CORRECT_DECISION
B,pdf_evidence_decision__ungated,PLAN9,coverage,PASS,PASS,CORRECT_DECISION
B,pdf_evidence_decision__ungated,PLAN9,far,INSUFFICIENT_DATA,PASS,GT_UNDECIDABLE
B,pdf_dxf_reconciled__flag_as_conflict,PLAN1,setbacks.front,FAIL,INSUFFICIENT_DATA,ABSTAIN_INSUFFICIENT_DATA
B,pdf_dxf_reconciled__flag_as_conflict,PLAN1,setbacks.left,FAIL,CONFLICTING_EVIDENCE,ABSTAIN_CONFLICTING_EVIDENCE
B,pdf_dxf_reconciled__flag_as_conflict,PLAN1,setbacks.rear,FAIL,INSUFFICIENT_DATA,ABSTAIN_INSUFFICIENT_DATA
B,pdf_dxf_reconciled__flag_as_conflict,PLAN1,setbacks.right,FAIL,CONFLICTING_EVIDENCE,ABSTAIN_CONFLICTING_EVIDENCE
B,pdf_dxf_reconciled__flag_as_conflict,PLAN1,coverage,FAIL,INSUFFICIENT_DATA,ABSTAIN_INSUFFICIENT_DATA
B,pdf_dxf_reconciled__flag_as_conflict,PLAN1,far,FAIL,INSUFFICIENT_DATA,ABSTAIN_INSUFFICIENT_DATA
B,pdf_dxf_reconciled__flag_as_conflict,PLAN2,setbacks.front,FAIL,INSUFFICIENT_DATA,ABSTAIN_INSUFFICIENT_DATA
B,pdf_dxf_reconciled__flag_as_conflict,PLAN2,setbacks.left,FAIL,INSUFFICIENT_DATA,ABSTAIN_INSUFFICIENT_DATA
B,pdf_dxf_reconciled__flag_as_conflict,PLAN2,setbacks.rear,FAIL,INSUFFICIENT_DATA,ABSTAIN_INSUFFICIENT_DATA
B,pdf_dxf_reconciled__flag_as_conflict,PLAN2,setbacks.right,FAIL,INSUFFICIENT_DATA,ABSTAIN_INSUFFICIENT_DATA
B,pdf_dxf_reconciled__flag_as_conflict,PLAN2,coverage,FAIL,INSUFFICIENT_DATA,ABSTAIN_INSUFFICIENT_DATA
B,pdf_dxf_reconciled__flag_as_conflict,PLAN2,far,FAIL,INSUFFICIENT_DATA,ABSTAIN_INSUFFICIENT_DATA
B,pdf_dxf_reconciled__flag_as_conflict,PLAN4,road.width,FAIL,FAIL,CORRECT_DECISION
B,pdf_dxf_reconciled__flag_as_conflict,PLAN4,plot.depth,FAIL,CONFLICTING_EVIDENCE,ABSTAIN_CONFLICTING_EVIDENCE
B,pdf_dxf_reconciled__flag_as_conflict,PLAN4,plot.width,FAIL,CONFLICTING_EVIDENCE,ABSTAIN_CONFLICTING_EVIDENCE
B,pdf_dxf_reconciled__flag_as_conflict,PLAN4,setbacks.front,FAIL,INSUFFICIENT_DATA,ABSTAIN_INSUFFICIENT_DATA
B,pdf_dxf_reconciled__flag_as_conflict,PLAN4,setbacks.left,PASS,INSUFFICIENT_DATA,ABSTAIN_INSUFFICIENT_DATA
B,pdf_dxf_reconciled__flag_as_conflict,PLAN4,setbacks.rear,FAIL,INSUFFICIENT_DATA,ABSTAIN_INSUFFICIENT_DATA
B,pdf_dxf_reconciled__flag_as_conflict,PLAN4,setbacks.right,FAIL,INSUFFICIENT_DATA,ABSTAIN_INSUFFICIENT_DATA
B,pdf_dxf_reconciled__flag_as_conflict,PLAN4,coverage,FAIL,FAIL,CORRECT_DECISION
B,pdf_dxf_reconciled__flag_as_conflict,PLAN4,far,INSUFFICIENT_DATA,REQUIRES_REVIEW,GT_UNDECIDABLE
B,pdf_dxf_reconciled__flag_as_conflict,PLAN5,setbacks.front,INSUFFICIENT_DATA,INSUFFICIENT_DATA,GT_UNDECIDABLE
B,pdf_dxf_reconciled__flag_as_conflict,PLAN5,setbacks.left,FAIL,INSUFFICIENT_DATA,ABSTAIN_INSUFFICIENT_DATA
B,pdf_dxf_reconciled__flag_as_conflict,PLAN5,setbacks.rear,PASS,INSUFFICIENT_DATA,ABSTAIN_INSUFFICIENT_DATA
B,pdf_dxf_reconciled__flag_as_conflict,PLAN5,setbacks.right,FAIL,INSUFFICIENT_DATA,ABSTAIN_INSUFFICIENT_DATA
B,pdf_dxf_reconciled__flag_as_conflict,PLAN5,coverage,PASS,INSUFFICIENT_DATA,ABSTAIN_INSUFFICIENT_DATA
B,pdf_dxf_reconciled__flag_as_conflict,PLAN5,far,INSUFFICIENT_DATA,INSUFFICIENT_DATA,GT_UNDECIDABLE
B,pdf_dxf_reconciled__flag_as_conflict,PLAN6,setbacks.front,INSUFFICIENT_DATA,INSUFFICIENT_DATA,GT_UNDECIDABLE
B,pdf_dxf_reconciled__flag_as_conflict,PLAN6,setbacks.left,INSUFFICIENT_DATA,INSUFFICIENT_DATA,GT_UNDECIDABLE
B,pdf_dxf_reconciled__flag_as_conflict,PLAN6,setbacks.rear,INSUFFICIENT_DATA,INSUFFICIENT_DATA,GT_UNDECIDABLE
B,pdf_dxf_reconciled__flag_as_conflict,PLAN6,setbacks.right,INSUFFICIENT_DATA,INSUFFICIENT_DATA,GT_UNDECIDABLE
B,pdf_dxf_reconciled__flag_as_conflict,PLAN6,coverage,FAIL,INSUFFICIENT_DATA,ABSTAIN_INSUFFICIENT_DATA
B,pdf_dxf_reconciled__flag_as_conflict,PLAN6,far,FAIL,INSUFFICIENT_DATA,ABSTAIN_INSUFFICIENT_DATA
B,pdf_dxf_reconciled__flag_as_conflict,PLAN7,road.width,NOT_APPLICABLE,INSUFFICIENT_DATA,SPURIOUS_APPLICABILITY_INSUFFICIENT_DATA
B,pdf_dxf_reconciled__flag_as_conflict,PLAN7,plot.depth,NOT_APPLICABLE,INSUFFICIENT_DATA,SPURIOUS_APPLICABILITY_INSUFFICIENT_DATA
B,pdf_dxf_reconciled__flag_as_conflict,PLAN7,plot.width,NOT_APPLICABLE,INSUFFICIENT_DATA,SPURIOUS_APPLICABILITY_INSUFFICIENT_DATA
B,pdf_dxf_reconciled__flag_as_conflict,PLAN7,setbacks.front,INSUFFICIENT_DATA,INSUFFICIENT_DATA,GT_UNDECIDABLE
B,pdf_dxf_reconciled__flag_as_conflict,PLAN7,setbacks.left,INSUFFICIENT_DATA,INSUFFICIENT_DATA,GT_UNDECIDABLE
B,pdf_dxf_reconciled__flag_as_conflict,PLAN7,setbacks.rear,INSUFFICIENT_DATA,NOT_APPLICABLE,GT_UNDECIDABLE
B,pdf_dxf_reconciled__flag_as_conflict,PLAN7,setbacks.right,INSUFFICIENT_DATA,INSUFFICIENT_DATA,GT_UNDECIDABLE
B,pdf_dxf_reconciled__flag_as_conflict,PLAN7,coverage,INSUFFICIENT_DATA,REQUIRES_REVIEW,GT_UNDECIDABLE
B,pdf_dxf_reconciled__flag_as_conflict,PLAN7,far,INSUFFICIENT_DATA,REQUIRES_REVIEW,GT_UNDECIDABLE
B,pdf_dxf_reconciled__flag_as_conflict,PLAN8,setbacks.front,INSUFFICIENT_DATA,INSUFFICIENT_DATA,GT_UNDECIDABLE
B,pdf_dxf_reconciled__flag_as_conflict,PLAN8,setbacks.left,INSUFFICIENT_DATA,INSUFFICIENT_DATA,GT_UNDECIDABLE
B,pdf_dxf_reconciled__flag_as_conflict,PLAN8,setbacks.rear,INSUFFICIENT_DATA,INSUFFICIENT_DATA,GT_UNDECIDABLE
B,pdf_dxf_reconciled__flag_as_conflict,PLAN8,setbacks.right,INSUFFICIENT_DATA,INSUFFICIENT_DATA,GT_UNDECIDABLE
B,pdf_dxf_reconciled__flag_as_conflict,PLAN8,coverage,INSUFFICIENT_DATA,INSUFFICIENT_DATA,GT_UNDECIDABLE
B,pdf_dxf_reconciled__flag_as_conflict,PLAN8,far,INSUFFICIENT_DATA,INSUFFICIENT_DATA,GT_UNDECIDABLE
B,pdf_dxf_reconciled__flag_as_conflict,PLAN9,road.width,NOT_APPLICABLE,INSUFFICIENT_DATA,SPURIOUS_APPLICABILITY_INSUFFICIENT_DATA
B,pdf_dxf_reconciled__flag_as_conflict,PLAN9,plot.depth,NOT_APPLICABLE,INSUFFICIENT_DATA,SPURIOUS_APPLICABILITY_INSUFFICIENT_DATA
B,pdf_dxf_reconciled__flag_as_conflict,PLAN9,plot.width,NOT_APPLICABLE,INSUFFICIENT_DATA,SPURIOUS_APPLICABILITY_INSUFFICIENT_DATA
B,pdf_dxf_reconciled__flag_as_conflict,PLAN9,setbacks.front,FAIL,CONFLICTING_EVIDENCE,ABSTAIN_CONFLICTING_EVIDENCE
B,pdf_dxf_reconciled__flag_as_conflict,PLAN9,setbacks.left,FAIL,INSUFFICIENT_DATA,ABSTAIN_INSUFFICIENT_DATA
B,pdf_dxf_reconciled__flag_as_conflict,PLAN9,setbacks.rear,PASS,CONFLICTING_EVIDENCE,ABSTAIN_CONFLICTING_EVIDENCE
B,pdf_dxf_reconciled__flag_as_conflict,PLAN9,setbacks.right,FAIL,INSUFFICIENT_DATA,ABSTAIN_INSUFFICIENT_DATA
B,pdf_dxf_reconciled__flag_as_conflict,PLAN9,coverage,PASS,INSUFFICIENT_DATA,ABSTAIN_INSUFFICIENT_DATA
B,pdf_dxf_reconciled__flag_as_conflict,PLAN9,far,INSUFFICIENT_DATA,INSUFFICIENT_DATA,GT_UNDECIDABLE
C,dxf_evidence_decision,PLAN1,road.width,NOT_APPLICABLE,INSUFFICIENT_DATA,SPURIOUS_APPLICABILITY_INSUFFICIENT_DATA
C,dxf_evidence_decision,PLAN1,plot.depth,NOT_APPLICABLE,INSUFFICIENT_DATA,SPURIOUS_APPLICABILITY_INSUFFICIENT_DATA
C,dxf_evidence_decision,PLAN1,plot.width,NOT_APPLICABLE,INSUFFICIENT_DATA,SPURIOUS_APPLICABILITY_INSUFFICIENT_DATA
C,dxf_evidence_decision,PLAN1,setbacks.front,FAIL,INSUFFICIENT_DATA,ABSTAIN_INSUFFICIENT_DATA
C,dxf_evidence_decision,PLAN1,setbacks.left,FAIL,REQUIRES_REVIEW,ABSTAIN_REQUIRES_REVIEW
C,dxf_evidence_decision,PLAN1,setbacks.rear,FAIL,REQUIRES_REVIEW,ABSTAIN_REQUIRES_REVIEW
C,dxf_evidence_decision,PLAN1,setbacks.right,FAIL,REQUIRES_REVIEW,ABSTAIN_REQUIRES_REVIEW
C,dxf_evidence_decision,PLAN1,coverage,FAIL,REQUIRES_REVIEW,ABSTAIN_REQUIRES_REVIEW
C,dxf_evidence_decision,PLAN1,far,FAIL,REQUIRES_REVIEW,ABSTAIN_REQUIRES_REVIEW
C,dxf_evidence_decision,PLAN2,road.width,NOT_APPLICABLE,INSUFFICIENT_DATA,SPURIOUS_APPLICABILITY_INSUFFICIENT_DATA
C,dxf_evidence_decision,PLAN2,plot.depth,NOT_APPLICABLE,INSUFFICIENT_DATA,SPURIOUS_APPLICABILITY_INSUFFICIENT_DATA
C,dxf_evidence_decision,PLAN2,plot.width,NOT_APPLICABLE,INSUFFICIENT_DATA,SPURIOUS_APPLICABILITY_INSUFFICIENT_DATA
C,dxf_evidence_decision,PLAN2,setbacks.front,FAIL,INSUFFICIENT_DATA,ABSTAIN_INSUFFICIENT_DATA
C,dxf_evidence_decision,PLAN2,setbacks.left,FAIL,REQUIRES_REVIEW,ABSTAIN_REQUIRES_REVIEW
C,dxf_evidence_decision,PLAN2,setbacks.rear,FAIL,REQUIRES_REVIEW,ABSTAIN_REQUIRES_REVIEW
C,dxf_evidence_decision,PLAN2,setbacks.right,FAIL,REQUIRES_REVIEW,ABSTAIN_REQUIRES_REVIEW
C,dxf_evidence_decision,PLAN2,coverage,FAIL,REQUIRES_REVIEW,ABSTAIN_REQUIRES_REVIEW
C,dxf_evidence_decision,PLAN2,far,FAIL,REQUIRES_REVIEW,ABSTAIN_REQUIRES_REVIEW
C,dxf_evidence_decision,PLAN4,road.width,FAIL,INSUFFICIENT_DATA,ABSTAIN_INSUFFICIENT_DATA
C,dxf_evidence_decision,PLAN4,plot.depth,FAIL,INSUFFICIENT_DATA,ABSTAIN_INSUFFICIENT_DATA
C,dxf_evidence_decision,PLAN4,plot.width,FAIL,INSUFFICIENT_DATA,ABSTAIN_INSUFFICIENT_DATA
C,dxf_evidence_decision,PLAN4,setbacks.front,FAIL,INSUFFICIENT_DATA,ABSTAIN_INSUFFICIENT_DATA
C,dxf_evidence_decision,PLAN4,setbacks.left,PASS,INSUFFICIENT_DATA,ABSTAIN_INSUFFICIENT_DATA
C,dxf_evidence_decision,PLAN4,setbacks.rear,FAIL,INSUFFICIENT_DATA,ABSTAIN_INSUFFICIENT_DATA
C,dxf_evidence_decision,PLAN4,setbacks.right,FAIL,INSUFFICIENT_DATA,ABSTAIN_INSUFFICIENT_DATA
C,dxf_evidence_decision,PLAN4,coverage,FAIL,INSUFFICIENT_DATA,ABSTAIN_INSUFFICIENT_DATA
C,dxf_evidence_decision,PLAN4,far,INSUFFICIENT_DATA,INSUFFICIENT_DATA,GT_UNDECIDABLE
C,dxf_evidence_decision,PLAN5,road.width,NOT_APPLICABLE,INSUFFICIENT_DATA,SPURIOUS_APPLICABILITY_INSUFFICIENT_DATA
C,dxf_evidence_decision,PLAN5,plot.depth,NOT_APPLICABLE,INSUFFICIENT_DATA,SPURIOUS_APPLICABILITY_INSUFFICIENT_DATA
C,dxf_evidence_decision,PLAN5,plot.width,NOT_APPLICABLE,INSUFFICIENT_DATA,SPURIOUS_APPLICABILITY_INSUFFICIENT_DATA
C,dxf_evidence_decision,PLAN5,setbacks.front,INSUFFICIENT_DATA,INSUFFICIENT_DATA,GT_UNDECIDABLE
C,dxf_evidence_decision,PLAN5,setbacks.left,FAIL,NOT_APPLICABLE,APPLICABILITY_FLIP
C,dxf_evidence_decision,PLAN5,setbacks.rear,PASS,NOT_APPLICABLE,APPLICABILITY_FLIP
C,dxf_evidence_decision,PLAN5,setbacks.right,FAIL,INSUFFICIENT_DATA,ABSTAIN_INSUFFICIENT_DATA
C,dxf_evidence_decision,PLAN5,coverage,PASS,INSUFFICIENT_DATA,ABSTAIN_INSUFFICIENT_DATA
C,dxf_evidence_decision,PLAN5,far,INSUFFICIENT_DATA,INSUFFICIENT_DATA,GT_UNDECIDABLE
C,dxf_evidence_decision,PLAN6,road.width,NOT_APPLICABLE,INSUFFICIENT_DATA,SPURIOUS_APPLICABILITY_INSUFFICIENT_DATA
C,dxf_evidence_decision,PLAN6,plot.depth,NOT_APPLICABLE,INSUFFICIENT_DATA,SPURIOUS_APPLICABILITY_INSUFFICIENT_DATA
C,dxf_evidence_decision,PLAN6,plot.width,NOT_APPLICABLE,INSUFFICIENT_DATA,SPURIOUS_APPLICABILITY_INSUFFICIENT_DATA
C,dxf_evidence_decision,PLAN6,setbacks.front,INSUFFICIENT_DATA,INSUFFICIENT_DATA,GT_UNDECIDABLE
C,dxf_evidence_decision,PLAN6,setbacks.left,INSUFFICIENT_DATA,INSUFFICIENT_DATA,GT_UNDECIDABLE
C,dxf_evidence_decision,PLAN6,setbacks.rear,INSUFFICIENT_DATA,INSUFFICIENT_DATA,GT_UNDECIDABLE
C,dxf_evidence_decision,PLAN6,setbacks.right,INSUFFICIENT_DATA,INSUFFICIENT_DATA,GT_UNDECIDABLE
C,dxf_evidence_decision,PLAN6,coverage,FAIL,INSUFFICIENT_DATA,ABSTAIN_INSUFFICIENT_DATA
C,dxf_evidence_decision,PLAN6,far,FAIL,INSUFFICIENT_DATA,ABSTAIN_INSUFFICIENT_DATA
C,dxf_evidence_decision,PLAN7,road.width,NOT_APPLICABLE,INSUFFICIENT_DATA,SPURIOUS_APPLICABILITY_INSUFFICIENT_DATA
C,dxf_evidence_decision,PLAN7,plot.depth,NOT_APPLICABLE,INSUFFICIENT_DATA,SPURIOUS_APPLICABILITY_INSUFFICIENT_DATA
C,dxf_evidence_decision,PLAN7,plot.width,NOT_APPLICABLE,INSUFFICIENT_DATA,SPURIOUS_APPLICABILITY_INSUFFICIENT_DATA
C,dxf_evidence_decision,PLAN7,setbacks.front,INSUFFICIENT_DATA,INSUFFICIENT_DATA,GT_UNDECIDABLE
C,dxf_evidence_decision,PLAN7,setbacks.left,INSUFFICIENT_DATA,INSUFFICIENT_DATA,GT_UNDECIDABLE
C,dxf_evidence_decision,PLAN7,setbacks.rear,INSUFFICIENT_DATA,INSUFFICIENT_DATA,GT_UNDECIDABLE
C,dxf_evidence_decision,PLAN7,setbacks.right,INSUFFICIENT_DATA,INSUFFICIENT_DATA,GT_UNDECIDABLE
C,dxf_evidence_decision,PLAN7,coverage,INSUFFICIENT_DATA,INSUFFICIENT_DATA,GT_UNDECIDABLE
C,dxf_evidence_decision,PLAN7,far,INSUFFICIENT_DATA,INSUFFICIENT_DATA,GT_UNDECIDABLE
C,dxf_evidence_decision,PLAN8,road.width,NOT_APPLICABLE,INSUFFICIENT_DATA,SPURIOUS_APPLICABILITY_INSUFFICIENT_DATA
C,dxf_evidence_decision,PLAN8,plot.depth,NOT_APPLICABLE,INSUFFICIENT_DATA,SPURIOUS_APPLICABILITY_INSUFFICIENT_DATA
C,dxf_evidence_decision,PLAN8,plot.width,NOT_APPLICABLE,INSUFFICIENT_DATA,SPURIOUS_APPLICABILITY_INSUFFICIENT_DATA
C,dxf_evidence_decision,PLAN8,setbacks.front,INSUFFICIENT_DATA,INSUFFICIENT_DATA,GT_UNDECIDABLE
C,dxf_evidence_decision,PLAN8,setbacks.left,INSUFFICIENT_DATA,REQUIRES_REVIEW,GT_UNDECIDABLE
C,dxf_evidence_decision,PLAN8,setbacks.rear,INSUFFICIENT_DATA,REQUIRES_REVIEW,GT_UNDECIDABLE
C,dxf_evidence_decision,PLAN8,setbacks.right,INSUFFICIENT_DATA,REQUIRES_REVIEW,GT_UNDECIDABLE
C,dxf_evidence_decision,PLAN8,coverage,INSUFFICIENT_DATA,PASS,GT_UNDECIDABLE
C,dxf_evidence_decision,PLAN8,far,INSUFFICIENT_DATA,FAIL,GT_UNDECIDABLE
C,dxf_evidence_decision,PLAN9,road.width,NOT_APPLICABLE,INSUFFICIENT_DATA,SPURIOUS_APPLICABILITY_INSUFFICIENT_DATA
C,dxf_evidence_decision,PLAN9,plot.depth,NOT_APPLICABLE,INSUFFICIENT_DATA,SPURIOUS_APPLICABILITY_INSUFFICIENT_DATA
C,dxf_evidence_decision,PLAN9,plot.width,NOT_APPLICABLE,INSUFFICIENT_DATA,SPURIOUS_APPLICABILITY_INSUFFICIENT_DATA
C,dxf_evidence_decision,PLAN9,setbacks.front,FAIL,INSUFFICIENT_DATA,ABSTAIN_INSUFFICIENT_DATA
C,dxf_evidence_decision,PLAN9,setbacks.left,FAIL,INSUFFICIENT_DATA,ABSTAIN_INSUFFICIENT_DATA
C,dxf_evidence_decision,PLAN9,setbacks.rear,PASS,INSUFFICIENT_DATA,ABSTAIN_INSUFFICIENT_DATA
C,dxf_evidence_decision,PLAN9,setbacks.right,FAIL,INSUFFICIENT_DATA,ABSTAIN_INSUFFICIENT_DATA
C,dxf_evidence_decision,PLAN9,coverage,PASS,INSUFFICIENT_DATA,ABSTAIN_INSUFFICIENT_DATA
C,dxf_evidence_decision,PLAN9,far,INSUFFICIENT_DATA,INSUFFICIENT_DATA,GT_UNDECIDABLE
C,dxf_hybrid,PLAN1,road.width,NOT_APPLICABLE,INSUFFICIENT_DATA,SPURIOUS_APPLICABILITY_INSUFFICIENT_DATA
C,dxf_hybrid,PLAN1,plot.depth,NOT_APPLICABLE,INSUFFICIENT_DATA,SPURIOUS_APPLICABILITY_INSUFFICIENT_DATA
C,dxf_hybrid,PLAN1,plot.width,NOT_APPLICABLE,INSUFFICIENT_DATA,SPURIOUS_APPLICABILITY_INSUFFICIENT_DATA
C,dxf_hybrid,PLAN1,setbacks.front,FAIL,INSUFFICIENT_DATA,ABSTAIN_INSUFFICIENT_DATA
C,dxf_hybrid,PLAN1,setbacks.left,FAIL,REQUIRES_REVIEW,ABSTAIN_REQUIRES_REVIEW
C,dxf_hybrid,PLAN1,setbacks.rear,FAIL,REQUIRES_REVIEW,ABSTAIN_REQUIRES_REVIEW
C,dxf_hybrid,PLAN1,setbacks.right,FAIL,REQUIRES_REVIEW,ABSTAIN_REQUIRES_REVIEW
C,dxf_hybrid,PLAN1,coverage,FAIL,REQUIRES_REVIEW,ABSTAIN_REQUIRES_REVIEW
C,dxf_hybrid,PLAN1,far,FAIL,REQUIRES_REVIEW,ABSTAIN_REQUIRES_REVIEW
C,dxf_hybrid,PLAN2,road.width,NOT_APPLICABLE,INSUFFICIENT_DATA,SPURIOUS_APPLICABILITY_INSUFFICIENT_DATA
C,dxf_hybrid,PLAN2,plot.depth,NOT_APPLICABLE,INSUFFICIENT_DATA,SPURIOUS_APPLICABILITY_INSUFFICIENT_DATA
C,dxf_hybrid,PLAN2,plot.width,NOT_APPLICABLE,INSUFFICIENT_DATA,SPURIOUS_APPLICABILITY_INSUFFICIENT_DATA
C,dxf_hybrid,PLAN2,setbacks.front,FAIL,INSUFFICIENT_DATA,ABSTAIN_INSUFFICIENT_DATA
C,dxf_hybrid,PLAN2,setbacks.left,FAIL,REQUIRES_REVIEW,ABSTAIN_REQUIRES_REVIEW
C,dxf_hybrid,PLAN2,setbacks.rear,FAIL,REQUIRES_REVIEW,ABSTAIN_REQUIRES_REVIEW
C,dxf_hybrid,PLAN2,setbacks.right,FAIL,REQUIRES_REVIEW,ABSTAIN_REQUIRES_REVIEW
C,dxf_hybrid,PLAN2,coverage,FAIL,REQUIRES_REVIEW,ABSTAIN_REQUIRES_REVIEW
C,dxf_hybrid,PLAN2,far,FAIL,REQUIRES_REVIEW,ABSTAIN_REQUIRES_REVIEW
C,dxf_hybrid,PLAN4,road.width,FAIL,INSUFFICIENT_DATA,ABSTAIN_INSUFFICIENT_DATA
C,dxf_hybrid,PLAN4,plot.depth,FAIL,INSUFFICIENT_DATA,ABSTAIN_INSUFFICIENT_DATA
C,dxf_hybrid,PLAN4,plot.width,FAIL,INSUFFICIENT_DATA,ABSTAIN_INSUFFICIENT_DATA
C,dxf_hybrid,PLAN4,setbacks.front,FAIL,INSUFFICIENT_DATA,ABSTAIN_INSUFFICIENT_DATA
C,dxf_hybrid,PLAN4,setbacks.left,PASS,NOT_APPLICABLE,APPLICABILITY_FLIP
C,dxf_hybrid,PLAN4,setbacks.rear,FAIL,INSUFFICIENT_DATA,ABSTAIN_INSUFFICIENT_DATA
C,dxf_hybrid,PLAN4,setbacks.right,FAIL,INSUFFICIENT_DATA,ABSTAIN_INSUFFICIENT_DATA
C,dxf_hybrid,PLAN4,coverage,FAIL,INSUFFICIENT_DATA,ABSTAIN_INSUFFICIENT_DATA
C,dxf_hybrid,PLAN4,far,INSUFFICIENT_DATA,INSUFFICIENT_DATA,GT_UNDECIDABLE
C,dxf_hybrid,PLAN5,road.width,NOT_APPLICABLE,INSUFFICIENT_DATA,SPURIOUS_APPLICABILITY_INSUFFICIENT_DATA
C,dxf_hybrid,PLAN5,plot.depth,NOT_APPLICABLE,INSUFFICIENT_DATA,SPURIOUS_APPLICABILITY_INSUFFICIENT_DATA
C,dxf_hybrid,PLAN5,plot.width,NOT_APPLICABLE,INSUFFICIENT_DATA,SPURIOUS_APPLICABILITY_INSUFFICIENT_DATA
C,dxf_hybrid,PLAN5,setbacks.front,INSUFFICIENT_DATA,INSUFFICIENT_DATA,GT_UNDECIDABLE
C,dxf_hybrid,PLAN5,setbacks.left,FAIL,NOT_APPLICABLE,APPLICABILITY_FLIP
C,dxf_hybrid,PLAN5,setbacks.rear,PASS,NOT_APPLICABLE,APPLICABILITY_FLIP
C,dxf_hybrid,PLAN5,setbacks.right,FAIL,INSUFFICIENT_DATA,ABSTAIN_INSUFFICIENT_DATA
C,dxf_hybrid,PLAN5,coverage,PASS,INSUFFICIENT_DATA,ABSTAIN_INSUFFICIENT_DATA
C,dxf_hybrid,PLAN5,far,INSUFFICIENT_DATA,INSUFFICIENT_DATA,GT_UNDECIDABLE
C,dxf_hybrid,PLAN6,road.width,NOT_APPLICABLE,INSUFFICIENT_DATA,SPURIOUS_APPLICABILITY_INSUFFICIENT_DATA
C,dxf_hybrid,PLAN6,plot.depth,NOT_APPLICABLE,INSUFFICIENT_DATA,SPURIOUS_APPLICABILITY_INSUFFICIENT_DATA
C,dxf_hybrid,PLAN6,plot.width,NOT_APPLICABLE,INSUFFICIENT_DATA,SPURIOUS_APPLICABILITY_INSUFFICIENT_DATA
C,dxf_hybrid,PLAN6,setbacks.front,INSUFFICIENT_DATA,INSUFFICIENT_DATA,GT_UNDECIDABLE
C,dxf_hybrid,PLAN6,setbacks.left,INSUFFICIENT_DATA,INSUFFICIENT_DATA,GT_UNDECIDABLE
C,dxf_hybrid,PLAN6,setbacks.rear,INSUFFICIENT_DATA,NOT_APPLICABLE,GT_UNDECIDABLE
C,dxf_hybrid,PLAN6,setbacks.right,INSUFFICIENT_DATA,REQUIRES_REVIEW,GT_UNDECIDABLE
C,dxf_hybrid,PLAN6,coverage,FAIL,REQUIRES_REVIEW,ABSTAIN_REQUIRES_REVIEW
C,dxf_hybrid,PLAN6,far,FAIL,REQUIRES_REVIEW,ABSTAIN_REQUIRES_REVIEW
C,dxf_hybrid,PLAN7,road.width,NOT_APPLICABLE,INSUFFICIENT_DATA,SPURIOUS_APPLICABILITY_INSUFFICIENT_DATA
C,dxf_hybrid,PLAN7,plot.depth,NOT_APPLICABLE,INSUFFICIENT_DATA,SPURIOUS_APPLICABILITY_INSUFFICIENT_DATA
C,dxf_hybrid,PLAN7,plot.width,NOT_APPLICABLE,INSUFFICIENT_DATA,SPURIOUS_APPLICABILITY_INSUFFICIENT_DATA
C,dxf_hybrid,PLAN7,setbacks.front,INSUFFICIENT_DATA,INSUFFICIENT_DATA,GT_UNDECIDABLE
C,dxf_hybrid,PLAN7,setbacks.left,INSUFFICIENT_DATA,INSUFFICIENT_DATA,GT_UNDECIDABLE
C,dxf_hybrid,PLAN7,setbacks.rear,INSUFFICIENT_DATA,INSUFFICIENT_DATA,GT_UNDECIDABLE
C,dxf_hybrid,PLAN7,setbacks.right,INSUFFICIENT_DATA,INSUFFICIENT_DATA,GT_UNDECIDABLE
C,dxf_hybrid,PLAN7,coverage,INSUFFICIENT_DATA,INSUFFICIENT_DATA,GT_UNDECIDABLE
C,dxf_hybrid,PLAN7,far,INSUFFICIENT_DATA,INSUFFICIENT_DATA,GT_UNDECIDABLE
C,dxf_hybrid,PLAN8,road.width,NOT_APPLICABLE,INSUFFICIENT_DATA,SPURIOUS_APPLICABILITY_INSUFFICIENT_DATA
C,dxf_hybrid,PLAN8,plot.depth,NOT_APPLICABLE,INSUFFICIENT_DATA,SPURIOUS_APPLICABILITY_INSUFFICIENT_DATA
C,dxf_hybrid,PLAN8,plot.width,NOT_APPLICABLE,INSUFFICIENT_DATA,SPURIOUS_APPLICABILITY_INSUFFICIENT_DATA
C,dxf_hybrid,PLAN8,setbacks.front,INSUFFICIENT_DATA,INSUFFICIENT_DATA,GT_UNDECIDABLE
C,dxf_hybrid,PLAN8,setbacks.left,INSUFFICIENT_DATA,REQUIRES_REVIEW,GT_UNDECIDABLE
C,dxf_hybrid,PLAN8,setbacks.rear,INSUFFICIENT_DATA,REQUIRES_REVIEW,GT_UNDECIDABLE
C,dxf_hybrid,PLAN8,setbacks.right,INSUFFICIENT_DATA,REQUIRES_REVIEW,GT_UNDECIDABLE
C,dxf_hybrid,PLAN8,coverage,INSUFFICIENT_DATA,PASS,GT_UNDECIDABLE
C,dxf_hybrid,PLAN8,far,INSUFFICIENT_DATA,FAIL,GT_UNDECIDABLE
C,dxf_hybrid,PLAN9,road.width,NOT_APPLICABLE,INSUFFICIENT_DATA,SPURIOUS_APPLICABILITY_INSUFFICIENT_DATA
C,dxf_hybrid,PLAN9,plot.depth,NOT_APPLICABLE,INSUFFICIENT_DATA,SPURIOUS_APPLICABILITY_INSUFFICIENT_DATA
C,dxf_hybrid,PLAN9,plot.width,NOT_APPLICABLE,INSUFFICIENT_DATA,SPURIOUS_APPLICABILITY_INSUFFICIENT_DATA
C,dxf_hybrid,PLAN9,setbacks.front,FAIL,INSUFFICIENT_DATA,ABSTAIN_INSUFFICIENT_DATA
C,dxf_hybrid,PLAN9,setbacks.left,FAIL,REQUIRES_REVIEW,ABSTAIN_REQUIRES_REVIEW
C,dxf_hybrid,PLAN9,setbacks.rear,PASS,REQUIRES_REVIEW,ABSTAIN_REQUIRES_REVIEW
C,dxf_hybrid,PLAN9,setbacks.right,FAIL,REQUIRES_REVIEW,ABSTAIN_REQUIRES_REVIEW
C,dxf_hybrid,PLAN9,coverage,PASS,REQUIRES_REVIEW,ABSTAIN_REQUIRES_REVIEW
C,dxf_hybrid,PLAN9,far,INSUFFICIENT_DATA,REQUIRES_REVIEW,GT_UNDECIDABLE
C,pdf_evidence_decision,PLAN1,setbacks.front,FAIL,FAIL,CORRECT_DECISION
C,pdf_evidence_decision,PLAN1,setbacks.left,FAIL,FAIL,CORRECT_DECISION
C,pdf_evidence_decision,PLAN1,setbacks.rear,FAIL,REQUIRES_REVIEW,ABSTAIN_REQUIRES_REVIEW
C,pdf_evidence_decision,PLAN1,setbacks.right,FAIL,FAIL,CORRECT_DECISION
C,pdf_evidence_decision,PLAN1,coverage,FAIL,FAIL,CORRECT_DECISION
C,pdf_evidence_decision,PLAN1,far,FAIL,FAIL,CORRECT_DECISION
C,pdf_evidence_decision,PLAN2,setbacks.front,FAIL,FAIL,CORRECT_DECISION
C,pdf_evidence_decision,PLAN2,setbacks.left,FAIL,FAIL,CORRECT_DECISION
C,pdf_evidence_decision,PLAN2,setbacks.rear,FAIL,FAIL,CORRECT_DECISION
C,pdf_evidence_decision,PLAN2,setbacks.right,FAIL,FAIL,CORRECT_DECISION
C,pdf_evidence_decision,PLAN2,coverage,FAIL,FAIL,CORRECT_DECISION
C,pdf_evidence_decision,PLAN2,far,FAIL,FAIL,CORRECT_DECISION
C,pdf_evidence_decision,PLAN4,road.width,FAIL,FAIL,CORRECT_DECISION
C,pdf_evidence_decision,PLAN4,plot.depth,FAIL,FAIL,CORRECT_DECISION
C,pdf_evidence_decision,PLAN4,plot.width,FAIL,FAIL,CORRECT_DECISION
C,pdf_evidence_decision,PLAN4,setbacks.front,FAIL,INSUFFICIENT_DATA,ABSTAIN_INSUFFICIENT_DATA
C,pdf_evidence_decision,PLAN4,setbacks.left,PASS,REQUIRES_REVIEW,ABSTAIN_REQUIRES_REVIEW
C,pdf_evidence_decision,PLAN4,setbacks.rear,FAIL,REQUIRES_REVIEW,ABSTAIN_REQUIRES_REVIEW
C,pdf_evidence_decision,PLAN4,setbacks.right,FAIL,REQUIRES_REVIEW,ABSTAIN_REQUIRES_REVIEW
C,pdf_evidence_decision,PLAN4,coverage,FAIL,FAIL,CORRECT_DECISION
C,pdf_evidence_decision,PLAN4,far,INSUFFICIENT_DATA,REQUIRES_REVIEW,GT_UNDECIDABLE
C,pdf_evidence_decision,PLAN5,setbacks.front,INSUFFICIENT_DATA,INSUFFICIENT_DATA,GT_UNDECIDABLE
C,pdf_evidence_decision,PLAN5,setbacks.left,FAIL,REQUIRES_REVIEW,ABSTAIN_REQUIRES_REVIEW
C,pdf_evidence_decision,PLAN5,setbacks.rear,PASS,REQUIRES_REVIEW,ABSTAIN_REQUIRES_REVIEW
C,pdf_evidence_decision,PLAN5,setbacks.right,FAIL,REQUIRES_REVIEW,ABSTAIN_REQUIRES_REVIEW
C,pdf_evidence_decision,PLAN5,coverage,PASS,PASS,CORRECT_DECISION
C,pdf_evidence_decision,PLAN5,far,INSUFFICIENT_DATA,FAIL,GT_UNDECIDABLE
C,pdf_evidence_decision,PLAN6,setbacks.front,INSUFFICIENT_DATA,INSUFFICIENT_DATA,GT_UNDECIDABLE
C,pdf_evidence_decision,PLAN6,setbacks.left,INSUFFICIENT_DATA,REQUIRES_REVIEW,GT_UNDECIDABLE
C,pdf_evidence_decision,PLAN6,setbacks.rear,INSUFFICIENT_DATA,REQUIRES_REVIEW,GT_UNDECIDABLE
C,pdf_evidence_decision,PLAN6,setbacks.right,INSUFFICIENT_DATA,REQUIRES_REVIEW,GT_UNDECIDABLE
C,pdf_evidence_decision,PLAN6,coverage,FAIL,FAIL,CORRECT_DECISION
C,pdf_evidence_decision,PLAN6,far,FAIL,FAIL,CORRECT_DECISION
C,pdf_evidence_decision,PLAN7,road.width,NOT_APPLICABLE,INSUFFICIENT_DATA,SPURIOUS_APPLICABILITY_INSUFFICIENT_DATA
C,pdf_evidence_decision,PLAN7,plot.depth,NOT_APPLICABLE,INSUFFICIENT_DATA,SPURIOUS_APPLICABILITY_INSUFFICIENT_DATA
C,pdf_evidence_decision,PLAN7,plot.width,NOT_APPLICABLE,INSUFFICIENT_DATA,SPURIOUS_APPLICABILITY_INSUFFICIENT_DATA
C,pdf_evidence_decision,PLAN7,setbacks.front,INSUFFICIENT_DATA,INSUFFICIENT_DATA,GT_UNDECIDABLE
C,pdf_evidence_decision,PLAN7,setbacks.left,INSUFFICIENT_DATA,INSUFFICIENT_DATA,GT_UNDECIDABLE
C,pdf_evidence_decision,PLAN7,setbacks.rear,INSUFFICIENT_DATA,INSUFFICIENT_DATA,GT_UNDECIDABLE
C,pdf_evidence_decision,PLAN7,setbacks.right,INSUFFICIENT_DATA,INSUFFICIENT_DATA,GT_UNDECIDABLE
C,pdf_evidence_decision,PLAN7,coverage,INSUFFICIENT_DATA,INSUFFICIENT_DATA,GT_UNDECIDABLE
C,pdf_evidence_decision,PLAN7,far,INSUFFICIENT_DATA,INSUFFICIENT_DATA,GT_UNDECIDABLE
C,pdf_evidence_decision,PLAN8,setbacks.front,INSUFFICIENT_DATA,INSUFFICIENT_DATA,GT_UNDECIDABLE
C,pdf_evidence_decision,PLAN8,setbacks.left,INSUFFICIENT_DATA,REQUIRES_REVIEW,GT_UNDECIDABLE
C,pdf_evidence_decision,PLAN8,setbacks.rear,INSUFFICIENT_DATA,REQUIRES_REVIEW,GT_UNDECIDABLE
C,pdf_evidence_decision,PLAN8,setbacks.right,INSUFFICIENT_DATA,REQUIRES_REVIEW,GT_UNDECIDABLE
C,pdf_evidence_decision,PLAN8,coverage,INSUFFICIENT_DATA,PASS,GT_UNDECIDABLE
C,pdf_evidence_decision,PLAN8,far,INSUFFICIENT_DATA,FAIL,GT_UNDECIDABLE
C,pdf_evidence_decision,PLAN9,road.width,NOT_APPLICABLE,INSUFFICIENT_DATA,SPURIOUS_APPLICABILITY_INSUFFICIENT_DATA
C,pdf_evidence_decision,PLAN9,plot.depth,NOT_APPLICABLE,INSUFFICIENT_DATA,SPURIOUS_APPLICABILITY_INSUFFICIENT_DATA
C,pdf_evidence_decision,PLAN9,plot.width,NOT_APPLICABLE,INSUFFICIENT_DATA,SPURIOUS_APPLICABILITY_INSUFFICIENT_DATA
C,pdf_evidence_decision,PLAN9,setbacks.front,FAIL,INSUFFICIENT_DATA,ABSTAIN_INSUFFICIENT_DATA
C,pdf_evidence_decision,PLAN9,setbacks.left,FAIL,FAIL,CORRECT_DECISION
C,pdf_evidence_decision,PLAN9,setbacks.rear,PASS,REQUIRES_REVIEW,ABSTAIN_REQUIRES_REVIEW
C,pdf_evidence_decision,PLAN9,setbacks.right,FAIL,FAIL,CORRECT_DECISION
C,pdf_evidence_decision,PLAN9,coverage,PASS,PASS,CORRECT_DECISION
C,pdf_evidence_decision,PLAN9,far,INSUFFICIENT_DATA,REQUIRES_REVIEW,GT_UNDECIDABLE
C,pdf_hybrid,PLAN1,setbacks.front,FAIL,FAIL,CORRECT_DECISION
C,pdf_hybrid,PLAN1,setbacks.left,FAIL,FAIL,CORRECT_DECISION
C,pdf_hybrid,PLAN1,setbacks.rear,FAIL,FAIL,CORRECT_DECISION
C,pdf_hybrid,PLAN1,setbacks.right,FAIL,FAIL,CORRECT_DECISION
C,pdf_hybrid,PLAN1,coverage,FAIL,FAIL,CORRECT_DECISION
C,pdf_hybrid,PLAN1,far,FAIL,FAIL,CORRECT_DECISION
C,pdf_hybrid,PLAN2,setbacks.front,FAIL,FAIL,CORRECT_DECISION
C,pdf_hybrid,PLAN2,setbacks.left,FAIL,FAIL,CORRECT_DECISION
C,pdf_hybrid,PLAN2,setbacks.rear,FAIL,FAIL,CORRECT_DECISION
C,pdf_hybrid,PLAN2,setbacks.right,FAIL,FAIL,CORRECT_DECISION
C,pdf_hybrid,PLAN2,coverage,FAIL,FAIL,CORRECT_DECISION
C,pdf_hybrid,PLAN2,far,FAIL,FAIL,CORRECT_DECISION
C,pdf_hybrid,PLAN4,road.width,FAIL,FAIL,CORRECT_DECISION
C,pdf_hybrid,PLAN4,plot.depth,FAIL,FAIL,CORRECT_DECISION
C,pdf_hybrid,PLAN4,plot.width,FAIL,FAIL,CORRECT_DECISION
C,pdf_hybrid,PLAN4,setbacks.front,FAIL,FAIL,CORRECT_DECISION
C,pdf_hybrid,PLAN4,setbacks.left,PASS,PASS,CORRECT_DECISION
C,pdf_hybrid,PLAN4,setbacks.rear,FAIL,FAIL,CORRECT_DECISION
C,pdf_hybrid,PLAN4,setbacks.right,FAIL,FAIL,CORRECT_DECISION
C,pdf_hybrid,PLAN4,coverage,FAIL,FAIL,CORRECT_DECISION
C,pdf_hybrid,PLAN4,far,INSUFFICIENT_DATA,REQUIRES_REVIEW,GT_UNDECIDABLE
C,pdf_hybrid,PLAN5,setbacks.front,INSUFFICIENT_DATA,INSUFFICIENT_DATA,GT_UNDECIDABLE
C,pdf_hybrid,PLAN5,setbacks.left,FAIL,FAIL,CORRECT_DECISION
C,pdf_hybrid,PLAN5,setbacks.rear,PASS,PASS,CORRECT_DECISION
C,pdf_hybrid,PLAN5,setbacks.right,FAIL,FAIL,CORRECT_DECISION
C,pdf_hybrid,PLAN5,coverage,PASS,PASS,CORRECT_DECISION
C,pdf_hybrid,PLAN5,far,INSUFFICIENT_DATA,FAIL,GT_UNDECIDABLE
C,pdf_hybrid,PLAN6,setbacks.front,INSUFFICIENT_DATA,INSUFFICIENT_DATA,GT_UNDECIDABLE
C,pdf_hybrid,PLAN6,setbacks.left,INSUFFICIENT_DATA,FAIL,GT_UNDECIDABLE
C,pdf_hybrid,PLAN6,setbacks.rear,INSUFFICIENT_DATA,FAIL,GT_UNDECIDABLE
C,pdf_hybrid,PLAN6,setbacks.right,INSUFFICIENT_DATA,FAIL,GT_UNDECIDABLE
C,pdf_hybrid,PLAN6,coverage,FAIL,FAIL,CORRECT_DECISION
C,pdf_hybrid,PLAN6,far,FAIL,FAIL,CORRECT_DECISION
C,pdf_hybrid,PLAN7,road.width,NOT_APPLICABLE,INSUFFICIENT_DATA,SPURIOUS_APPLICABILITY_INSUFFICIENT_DATA
C,pdf_hybrid,PLAN7,plot.depth,NOT_APPLICABLE,INSUFFICIENT_DATA,SPURIOUS_APPLICABILITY_INSUFFICIENT_DATA
C,pdf_hybrid,PLAN7,plot.width,NOT_APPLICABLE,INSUFFICIENT_DATA,SPURIOUS_APPLICABILITY_INSUFFICIENT_DATA
C,pdf_hybrid,PLAN7,setbacks.front,INSUFFICIENT_DATA,INSUFFICIENT_DATA,GT_UNDECIDABLE
C,pdf_hybrid,PLAN7,setbacks.left,INSUFFICIENT_DATA,INSUFFICIENT_DATA,GT_UNDECIDABLE
C,pdf_hybrid,PLAN7,setbacks.rear,INSUFFICIENT_DATA,NOT_APPLICABLE,GT_UNDECIDABLE
C,pdf_hybrid,PLAN7,setbacks.right,INSUFFICIENT_DATA,INSUFFICIENT_DATA,GT_UNDECIDABLE
C,pdf_hybrid,PLAN7,coverage,INSUFFICIENT_DATA,REQUIRES_REVIEW,GT_UNDECIDABLE
C,pdf_hybrid,PLAN7,far,INSUFFICIENT_DATA,REQUIRES_REVIEW,GT_UNDECIDABLE
C,pdf_hybrid,PLAN8,setbacks.front,INSUFFICIENT_DATA,INSUFFICIENT_DATA,GT_UNDECIDABLE
C,pdf_hybrid,PLAN8,setbacks.left,INSUFFICIENT_DATA,REQUIRES_REVIEW,GT_UNDECIDABLE
C,pdf_hybrid,PLAN8,setbacks.rear,INSUFFICIENT_DATA,REQUIRES_REVIEW,GT_UNDECIDABLE
C,pdf_hybrid,PLAN8,setbacks.right,INSUFFICIENT_DATA,REQUIRES_REVIEW,GT_UNDECIDABLE
C,pdf_hybrid,PLAN8,coverage,INSUFFICIENT_DATA,PASS,GT_UNDECIDABLE
C,pdf_hybrid,PLAN8,far,INSUFFICIENT_DATA,FAIL,GT_UNDECIDABLE
C,pdf_hybrid,PLAN9,road.width,NOT_APPLICABLE,INSUFFICIENT_DATA,SPURIOUS_APPLICABILITY_INSUFFICIENT_DATA
C,pdf_hybrid,PLAN9,plot.depth,NOT_APPLICABLE,INSUFFICIENT_DATA,SPURIOUS_APPLICABILITY_INSUFFICIENT_DATA
C,pdf_hybrid,PLAN9,plot.width,NOT_APPLICABLE,INSUFFICIENT_DATA,SPURIOUS_APPLICABILITY_INSUFFICIENT_DATA
C,pdf_hybrid,PLAN9,setbacks.front,FAIL,FAIL,CORRECT_DECISION
C,pdf_hybrid,PLAN9,setbacks.left,FAIL,FAIL,CORRECT_DECISION
C,pdf_hybrid,PLAN9,setbacks.rear,PASS,FAIL,FALSE_FAIL
C,pdf_hybrid,PLAN9,setbacks.right,FAIL,FAIL,CORRECT_DECISION
C,pdf_hybrid,PLAN9,coverage,PASS,PASS,CORRECT_DECISION
C,pdf_hybrid,PLAN9,far,INSUFFICIENT_DATA,REQUIRES_REVIEW,GT_UNDECIDABLE
C,pdf_hybrid_vlm_api,PLAN1,setbacks.front,FAIL,INSUFFICIENT_DATA,ABSTAIN_INSUFFICIENT_DATA
C,pdf_hybrid_vlm_api,PLAN1,setbacks.left,FAIL,INSUFFICIENT_DATA,ABSTAIN_INSUFFICIENT_DATA
C,pdf_hybrid_vlm_api,PLAN1,setbacks.rear,FAIL,INSUFFICIENT_DATA,ABSTAIN_INSUFFICIENT_DATA
C,pdf_hybrid_vlm_api,PLAN1,setbacks.right,FAIL,INSUFFICIENT_DATA,ABSTAIN_INSUFFICIENT_DATA
C,pdf_hybrid_vlm_api,PLAN1,coverage,FAIL,INSUFFICIENT_DATA,ABSTAIN_INSUFFICIENT_DATA
C,pdf_hybrid_vlm_api,PLAN1,far,FAIL,INSUFFICIENT_DATA,ABSTAIN_INSUFFICIENT_DATA
C,pdf_hybrid_vlm_api,PLAN2,setbacks.front,FAIL,FAIL,CORRECT_DECISION
C,pdf_hybrid_vlm_api,PLAN2,setbacks.left,FAIL,FAIL,CORRECT_DECISION
C,pdf_hybrid_vlm_api,PLAN2,setbacks.rear,FAIL,FAIL,CORRECT_DECISION
C,pdf_hybrid_vlm_api,PLAN2,setbacks.right,FAIL,FAIL,CORRECT_DECISION
C,pdf_hybrid_vlm_api,PLAN2,coverage,FAIL,FAIL,CORRECT_DECISION
C,pdf_hybrid_vlm_api,PLAN2,far,FAIL,FAIL,CORRECT_DECISION
C,pdf_hybrid_vlm_api,PLAN4,road.width,FAIL,FAIL,CORRECT_DECISION
C,pdf_hybrid_vlm_api,PLAN4,plot.depth,FAIL,CONFLICTING_EVIDENCE,ABSTAIN_CONFLICTING_EVIDENCE
C,pdf_hybrid_vlm_api,PLAN4,plot.width,FAIL,FAIL,CORRECT_DECISION
C,pdf_hybrid_vlm_api,PLAN4,setbacks.front,FAIL,FAIL,CORRECT_DECISION
C,pdf_hybrid_vlm_api,PLAN4,setbacks.left,PASS,PASS,CORRECT_DECISION
C,pdf_hybrid_vlm_api,PLAN4,setbacks.rear,FAIL,INSUFFICIENT_DATA,ABSTAIN_INSUFFICIENT_DATA
C,pdf_hybrid_vlm_api,PLAN4,setbacks.right,FAIL,FAIL,CORRECT_DECISION
C,pdf_hybrid_vlm_api,PLAN4,coverage,FAIL,FAIL,CORRECT_DECISION
C,pdf_hybrid_vlm_api,PLAN4,far,INSUFFICIENT_DATA,REQUIRES_REVIEW,GT_UNDECIDABLE
C,pdf_hybrid_vlm_api,PLAN5,setbacks.front,INSUFFICIENT_DATA,CONFLICTING_EVIDENCE,GT_UNDECIDABLE
C,pdf_hybrid_vlm_api,PLAN5,setbacks.left,FAIL,INSUFFICIENT_DATA,ABSTAIN_INSUFFICIENT_DATA
C,pdf_hybrid_vlm_api,PLAN5,setbacks.rear,PASS,INSUFFICIENT_DATA,ABSTAIN_INSUFFICIENT_DATA
C,pdf_hybrid_vlm_api,PLAN5,setbacks.right,FAIL,INSUFFICIENT_DATA,ABSTAIN_INSUFFICIENT_DATA
C,pdf_hybrid_vlm_api,PLAN5,coverage,PASS,PASS,CORRECT_DECISION
C,pdf_hybrid_vlm_api,PLAN5,far,INSUFFICIENT_DATA,REQUIRES_REVIEW,GT_UNDECIDABLE
C,pdf_hybrid_vlm_api,PLAN6,setbacks.front,INSUFFICIENT_DATA,FAIL,GT_UNDECIDABLE
C,pdf_hybrid_vlm_api,PLAN6,setbacks.left,INSUFFICIENT_DATA,FAIL,GT_UNDECIDABLE
C,pdf_hybrid_vlm_api,PLAN6,setbacks.rear,INSUFFICIENT_DATA,FAIL,GT_UNDECIDABLE
C,pdf_hybrid_vlm_api,PLAN6,setbacks.right,INSUFFICIENT_DATA,FAIL,GT_UNDECIDABLE
C,pdf_hybrid_vlm_api,PLAN6,coverage,FAIL,FAIL,CORRECT_DECISION
C,pdf_hybrid_vlm_api,PLAN6,far,FAIL,FAIL,CORRECT_DECISION
C,pdf_hybrid_vlm_api,PLAN7,setbacks.front,INSUFFICIENT_DATA,INSUFFICIENT_DATA,GT_UNDECIDABLE
C,pdf_hybrid_vlm_api,PLAN7,setbacks.left,INSUFFICIENT_DATA,INSUFFICIENT_DATA,GT_UNDECIDABLE
C,pdf_hybrid_vlm_api,PLAN7,setbacks.rear,INSUFFICIENT_DATA,NOT_APPLICABLE,GT_UNDECIDABLE
C,pdf_hybrid_vlm_api,PLAN7,setbacks.right,INSUFFICIENT_DATA,INSUFFICIENT_DATA,GT_UNDECIDABLE
C,pdf_hybrid_vlm_api,PLAN7,coverage,INSUFFICIENT_DATA,INSUFFICIENT_DATA,GT_UNDECIDABLE
C,pdf_hybrid_vlm_api,PLAN7,far,INSUFFICIENT_DATA,INSUFFICIENT_DATA,GT_UNDECIDABLE
C,pdf_hybrid_vlm_api,PLAN8,setbacks.front,INSUFFICIENT_DATA,CONFLICTING_EVIDENCE,GT_UNDECIDABLE
C,pdf_hybrid_vlm_api,PLAN8,setbacks.left,INSUFFICIENT_DATA,CONFLICTING_EVIDENCE,GT_UNDECIDABLE
C,pdf_hybrid_vlm_api,PLAN8,setbacks.rear,INSUFFICIENT_DATA,CONFLICTING_EVIDENCE,GT_UNDECIDABLE
C,pdf_hybrid_vlm_api,PLAN8,setbacks.right,INSUFFICIENT_DATA,CONFLICTING_EVIDENCE,GT_UNDECIDABLE
C,pdf_hybrid_vlm_api,PLAN8,coverage,INSUFFICIENT_DATA,CONFLICTING_EVIDENCE,GT_UNDECIDABLE
C,pdf_hybrid_vlm_api,PLAN8,far,INSUFFICIENT_DATA,FAIL,GT_UNDECIDABLE
C,pdf_hybrid_vlm_api,PLAN9,setbacks.front,FAIL,INSUFFICIENT_DATA,ABSTAIN_INSUFFICIENT_DATA
C,pdf_hybrid_vlm_api,PLAN9,setbacks.left,FAIL,FAIL,CORRECT_DECISION
C,pdf_hybrid_vlm_api,PLAN9,setbacks.rear,PASS,INSUFFICIENT_DATA,ABSTAIN_INSUFFICIENT_DATA
C,pdf_hybrid_vlm_api,PLAN9,setbacks.right,FAIL,FAIL,CORRECT_DECISION
C,pdf_hybrid_vlm_api,PLAN9,coverage,PASS,PASS,CORRECT_DECISION
C,pdf_hybrid_vlm_api,PLAN9,far,INSUFFICIENT_DATA,PASS,GT_UNDECIDABLE
C,pdf_legacy_resolver,PLAN1,setbacks.front,FAIL,INSUFFICIENT_DATA,ABSTAIN_INSUFFICIENT_DATA
C,pdf_legacy_resolver,PLAN1,setbacks.left,FAIL,INSUFFICIENT_DATA,ABSTAIN_INSUFFICIENT_DATA
C,pdf_legacy_resolver,PLAN1,setbacks.rear,FAIL,INSUFFICIENT_DATA,ABSTAIN_INSUFFICIENT_DATA
C,pdf_legacy_resolver,PLAN1,setbacks.right,FAIL,INSUFFICIENT_DATA,ABSTAIN_INSUFFICIENT_DATA
C,pdf_legacy_resolver,PLAN1,coverage,FAIL,INSUFFICIENT_DATA,ABSTAIN_INSUFFICIENT_DATA
C,pdf_legacy_resolver,PLAN1,far,FAIL,INSUFFICIENT_DATA,ABSTAIN_INSUFFICIENT_DATA
C,pdf_legacy_resolver,PLAN2,setbacks.front,FAIL,INSUFFICIENT_DATA,ABSTAIN_INSUFFICIENT_DATA
C,pdf_legacy_resolver,PLAN2,setbacks.left,FAIL,INSUFFICIENT_DATA,ABSTAIN_INSUFFICIENT_DATA
C,pdf_legacy_resolver,PLAN2,setbacks.rear,FAIL,INSUFFICIENT_DATA,ABSTAIN_INSUFFICIENT_DATA
C,pdf_legacy_resolver,PLAN2,setbacks.right,FAIL,INSUFFICIENT_DATA,ABSTAIN_INSUFFICIENT_DATA
C,pdf_legacy_resolver,PLAN2,coverage,FAIL,PASS,FALSE_PASS
C,pdf_legacy_resolver,PLAN2,far,FAIL,PASS,FALSE_PASS
C,pdf_legacy_resolver,PLAN4,road.width,FAIL,CONFLICTING_EVIDENCE,ABSTAIN_CONFLICTING_EVIDENCE
C,pdf_legacy_resolver,PLAN4,plot.depth,FAIL,PASS,FALSE_PASS
C,pdf_legacy_resolver,PLAN4,plot.width,FAIL,PASS,FALSE_PASS
C,pdf_legacy_resolver,PLAN4,setbacks.front,FAIL,INSUFFICIENT_DATA,ABSTAIN_INSUFFICIENT_DATA
C,pdf_legacy_resolver,PLAN4,setbacks.left,PASS,PASS,CORRECT_DECISION
C,pdf_legacy_resolver,PLAN4,setbacks.rear,FAIL,PASS,FALSE_PASS
C,pdf_legacy_resolver,PLAN4,setbacks.right,FAIL,PASS,FALSE_PASS
C,pdf_legacy_resolver,PLAN4,coverage,FAIL,PASS,FALSE_PASS
C,pdf_legacy_resolver,PLAN4,far,INSUFFICIENT_DATA,REQUIRES_REVIEW,GT_UNDECIDABLE
C,pdf_legacy_resolver,PLAN5,setbacks.front,INSUFFICIENT_DATA,INSUFFICIENT_DATA,GT_UNDECIDABLE
C,pdf_legacy_resolver,PLAN5,setbacks.left,FAIL,NOT_APPLICABLE,APPLICABILITY_FLIP
C,pdf_legacy_resolver,PLAN5,setbacks.rear,PASS,NOT_APPLICABLE,APPLICABILITY_FLIP
C,pdf_legacy_resolver,PLAN5,setbacks.right,FAIL,INSUFFICIENT_DATA,ABSTAIN_INSUFFICIENT_DATA
C,pdf_legacy_resolver,PLAN5,coverage,PASS,PASS,CORRECT_DECISION
C,pdf_legacy_resolver,PLAN5,far,INSUFFICIENT_DATA,PASS,GT_UNDECIDABLE
C,pdf_legacy_resolver,PLAN6,setbacks.front,INSUFFICIENT_DATA,INSUFFICIENT_DATA,GT_UNDECIDABLE
C,pdf_legacy_resolver,PLAN6,setbacks.left,INSUFFICIENT_DATA,INSUFFICIENT_DATA,GT_UNDECIDABLE
C,pdf_legacy_resolver,PLAN6,setbacks.rear,INSUFFICIENT_DATA,INSUFFICIENT_DATA,GT_UNDECIDABLE
C,pdf_legacy_resolver,PLAN6,setbacks.right,INSUFFICIENT_DATA,INSUFFICIENT_DATA,GT_UNDECIDABLE
C,pdf_legacy_resolver,PLAN6,coverage,FAIL,INSUFFICIENT_DATA,ABSTAIN_INSUFFICIENT_DATA
C,pdf_legacy_resolver,PLAN6,far,FAIL,INSUFFICIENT_DATA,ABSTAIN_INSUFFICIENT_DATA
C,pdf_legacy_resolver,PLAN7,road.width,NOT_APPLICABLE,INSUFFICIENT_DATA,SPURIOUS_APPLICABILITY_INSUFFICIENT_DATA
C,pdf_legacy_resolver,PLAN7,plot.depth,NOT_APPLICABLE,INSUFFICIENT_DATA,SPURIOUS_APPLICABILITY_INSUFFICIENT_DATA
C,pdf_legacy_resolver,PLAN7,plot.width,NOT_APPLICABLE,INSUFFICIENT_DATA,SPURIOUS_APPLICABILITY_INSUFFICIENT_DATA
C,pdf_legacy_resolver,PLAN7,setbacks.front,INSUFFICIENT_DATA,INSUFFICIENT_DATA,GT_UNDECIDABLE
C,pdf_legacy_resolver,PLAN7,setbacks.left,INSUFFICIENT_DATA,INSUFFICIENT_DATA,GT_UNDECIDABLE
C,pdf_legacy_resolver,PLAN7,setbacks.rear,INSUFFICIENT_DATA,NOT_APPLICABLE,GT_UNDECIDABLE
C,pdf_legacy_resolver,PLAN7,setbacks.right,INSUFFICIENT_DATA,INSUFFICIENT_DATA,GT_UNDECIDABLE
C,pdf_legacy_resolver,PLAN7,coverage,INSUFFICIENT_DATA,FAIL,GT_UNDECIDABLE
C,pdf_legacy_resolver,PLAN7,far,INSUFFICIENT_DATA,REQUIRES_REVIEW,GT_UNDECIDABLE
C,pdf_legacy_resolver,PLAN8,setbacks.front,INSUFFICIENT_DATA,INSUFFICIENT_DATA,GT_UNDECIDABLE
C,pdf_legacy_resolver,PLAN8,setbacks.left,INSUFFICIENT_DATA,PASS,GT_UNDECIDABLE
C,pdf_legacy_resolver,PLAN8,setbacks.rear,INSUFFICIENT_DATA,PASS,GT_UNDECIDABLE
C,pdf_legacy_resolver,PLAN8,setbacks.right,INSUFFICIENT_DATA,INSUFFICIENT_DATA,GT_UNDECIDABLE
C,pdf_legacy_resolver,PLAN8,coverage,INSUFFICIENT_DATA,PASS,GT_UNDECIDABLE
C,pdf_legacy_resolver,PLAN8,far,INSUFFICIENT_DATA,PASS,GT_UNDECIDABLE
C,pdf_legacy_resolver,PLAN9,road.width,NOT_APPLICABLE,INSUFFICIENT_DATA,SPURIOUS_APPLICABILITY_INSUFFICIENT_DATA
C,pdf_legacy_resolver,PLAN9,plot.depth,NOT_APPLICABLE,INSUFFICIENT_DATA,SPURIOUS_APPLICABILITY_INSUFFICIENT_DATA
C,pdf_legacy_resolver,PLAN9,plot.width,NOT_APPLICABLE,INSUFFICIENT_DATA,SPURIOUS_APPLICABILITY_INSUFFICIENT_DATA
C,pdf_legacy_resolver,PLAN9,setbacks.front,FAIL,FAIL,CORRECT_DECISION
C,pdf_legacy_resolver,PLAN9,setbacks.left,FAIL,NOT_APPLICABLE,APPLICABILITY_FLIP
C,pdf_legacy_resolver,PLAN9,setbacks.rear,PASS,NOT_APPLICABLE,APPLICABILITY_FLIP
C,pdf_legacy_resolver,PLAN9,setbacks.right,FAIL,INSUFFICIENT_DATA,ABSTAIN_INSUFFICIENT_DATA
C,pdf_legacy_resolver,PLAN9,coverage,PASS,PASS,CORRECT_DECISION
C,pdf_legacy_resolver,PLAN9,far,INSUFFICIENT_DATA,REQUIRES_REVIEW,GT_UNDECIDABLE
C,pdf_native_ocr,PLAN1,road.width,NOT_APPLICABLE,INSUFFICIENT_DATA,SPURIOUS_APPLICABILITY_INSUFFICIENT_DATA
C,pdf_native_ocr,PLAN1,plot.depth,NOT_APPLICABLE,INSUFFICIENT_DATA,SPURIOUS_APPLICABILITY_INSUFFICIENT_DATA
C,pdf_native_ocr,PLAN1,plot.width,NOT_APPLICABLE,INSUFFICIENT_DATA,SPURIOUS_APPLICABILITY_INSUFFICIENT_DATA
C,pdf_native_ocr,PLAN1,setbacks.front,FAIL,FAIL,CORRECT_DECISION
C,pdf_native_ocr,PLAN1,setbacks.left,FAIL,FAIL,CORRECT_DECISION
C,pdf_native_ocr,PLAN1,setbacks.rear,FAIL,FAIL,CORRECT_DECISION
C,pdf_native_ocr,PLAN1,setbacks.right,FAIL,FAIL,CORRECT_DECISION
C,pdf_native_ocr,PLAN1,coverage,FAIL,INSUFFICIENT_DATA,ABSTAIN_INSUFFICIENT_DATA
C,pdf_native_ocr,PLAN1,far,FAIL,INSUFFICIENT_DATA,ABSTAIN_INSUFFICIENT_DATA
C,pdf_native_ocr,PLAN2,road.width,NOT_APPLICABLE,INSUFFICIENT_DATA,SPURIOUS_APPLICABILITY_INSUFFICIENT_DATA
C,pdf_native_ocr,PLAN2,plot.depth,NOT_APPLICABLE,INSUFFICIENT_DATA,SPURIOUS_APPLICABILITY_INSUFFICIENT_DATA
C,pdf_native_ocr,PLAN2,plot.width,NOT_APPLICABLE,INSUFFICIENT_DATA,SPURIOUS_APPLICABILITY_INSUFFICIENT_DATA
C,pdf_native_ocr,PLAN2,setbacks.front,FAIL,FAIL,CORRECT_DECISION
C,pdf_native_ocr,PLAN2,setbacks.left,FAIL,FAIL,CORRECT_DECISION
C,pdf_native_ocr,PLAN2,setbacks.rear,FAIL,FAIL,CORRECT_DECISION
C,pdf_native_ocr,PLAN2,setbacks.right,FAIL,FAIL,CORRECT_DECISION
C,pdf_native_ocr,PLAN2,coverage,FAIL,FAIL,CORRECT_DECISION
C,pdf_native_ocr,PLAN2,far,FAIL,FAIL,CORRECT_DECISION
C,pdf_native_ocr,PLAN4,road.width,FAIL,INSUFFICIENT_DATA,ABSTAIN_INSUFFICIENT_DATA
C,pdf_native_ocr,PLAN4,plot.depth,FAIL,INSUFFICIENT_DATA,ABSTAIN_INSUFFICIENT_DATA
C,pdf_native_ocr,PLAN4,plot.width,FAIL,INSUFFICIENT_DATA,ABSTAIN_INSUFFICIENT_DATA
C,pdf_native_ocr,PLAN4,setbacks.front,FAIL,FAIL,CORRECT_DECISION
C,pdf_native_ocr,PLAN4,setbacks.left,PASS,PASS,CORRECT_DECISION
C,pdf_native_ocr,PLAN4,setbacks.rear,FAIL,FAIL,CORRECT_DECISION
C,pdf_native_ocr,PLAN4,setbacks.right,FAIL,FAIL,CORRECT_DECISION
C,pdf_native_ocr,PLAN4,coverage,FAIL,FAIL,CORRECT_DECISION
C,pdf_native_ocr,PLAN4,far,INSUFFICIENT_DATA,REQUIRES_REVIEW,GT_UNDECIDABLE
C,pdf_native_ocr,PLAN5,road.width,NOT_APPLICABLE,INSUFFICIENT_DATA,SPURIOUS_APPLICABILITY_INSUFFICIENT_DATA
C,pdf_native_ocr,PLAN5,plot.depth,NOT_APPLICABLE,INSUFFICIENT_DATA,SPURIOUS_APPLICABILITY_INSUFFICIENT_DATA
C,pdf_native_ocr,PLAN5,plot.width,NOT_APPLICABLE,INSUFFICIENT_DATA,SPURIOUS_APPLICABILITY_INSUFFICIENT_DATA
C,pdf_native_ocr,PLAN5,setbacks.front,INSUFFICIENT_DATA,INSUFFICIENT_DATA,GT_UNDECIDABLE
C,pdf_native_ocr,PLAN5,setbacks.left,FAIL,FAIL,CORRECT_DECISION
C,pdf_native_ocr,PLAN5,setbacks.rear,PASS,PASS,CORRECT_DECISION
C,pdf_native_ocr,PLAN5,setbacks.right,FAIL,FAIL,CORRECT_DECISION
C,pdf_native_ocr,PLAN5,coverage,PASS,PASS,CORRECT_DECISION
C,pdf_native_ocr,PLAN5,far,INSUFFICIENT_DATA,REQUIRES_REVIEW,GT_UNDECIDABLE
C,pdf_native_ocr,PLAN6,road.width,NOT_APPLICABLE,INSUFFICIENT_DATA,SPURIOUS_APPLICABILITY_INSUFFICIENT_DATA
C,pdf_native_ocr,PLAN6,plot.depth,NOT_APPLICABLE,INSUFFICIENT_DATA,SPURIOUS_APPLICABILITY_INSUFFICIENT_DATA
C,pdf_native_ocr,PLAN6,plot.width,NOT_APPLICABLE,INSUFFICIENT_DATA,SPURIOUS_APPLICABILITY_INSUFFICIENT_DATA
C,pdf_native_ocr,PLAN6,setbacks.front,INSUFFICIENT_DATA,INSUFFICIENT_DATA,GT_UNDECIDABLE
C,pdf_native_ocr,PLAN6,setbacks.left,INSUFFICIENT_DATA,FAIL,GT_UNDECIDABLE
C,pdf_native_ocr,PLAN6,setbacks.rear,INSUFFICIENT_DATA,FAIL,GT_UNDECIDABLE
C,pdf_native_ocr,PLAN6,setbacks.right,INSUFFICIENT_DATA,FAIL,GT_UNDECIDABLE
C,pdf_native_ocr,PLAN6,coverage,FAIL,FAIL,CORRECT_DECISION
C,pdf_native_ocr,PLAN6,far,FAIL,FAIL,CORRECT_DECISION
C,pdf_native_ocr,PLAN7,road.width,NOT_APPLICABLE,INSUFFICIENT_DATA,SPURIOUS_APPLICABILITY_INSUFFICIENT_DATA
C,pdf_native_ocr,PLAN7,plot.depth,NOT_APPLICABLE,INSUFFICIENT_DATA,SPURIOUS_APPLICABILITY_INSUFFICIENT_DATA
C,pdf_native_ocr,PLAN7,plot.width,NOT_APPLICABLE,INSUFFICIENT_DATA,SPURIOUS_APPLICABILITY_INSUFFICIENT_DATA
C,pdf_native_ocr,PLAN7,setbacks.front,INSUFFICIENT_DATA,INSUFFICIENT_DATA,GT_UNDECIDABLE
C,pdf_native_ocr,PLAN7,setbacks.left,INSUFFICIENT_DATA,INSUFFICIENT_DATA,GT_UNDECIDABLE
C,pdf_native_ocr,PLAN7,setbacks.rear,INSUFFICIENT_DATA,INSUFFICIENT_DATA,GT_UNDECIDABLE
C,pdf_native_ocr,PLAN7,setbacks.right,INSUFFICIENT_DATA,INSUFFICIENT_DATA,GT_UNDECIDABLE
C,pdf_native_ocr,PLAN7,coverage,INSUFFICIENT_DATA,INSUFFICIENT_DATA,GT_UNDECIDABLE
C,pdf_native_ocr,PLAN7,far,INSUFFICIENT_DATA,INSUFFICIENT_DATA,GT_UNDECIDABLE
C,pdf_native_ocr,PLAN8,road.width,NOT_APPLICABLE,INSUFFICIENT_DATA,SPURIOUS_APPLICABILITY_INSUFFICIENT_DATA
C,pdf_native_ocr,PLAN8,plot.depth,NOT_APPLICABLE,INSUFFICIENT_DATA,SPURIOUS_APPLICABILITY_INSUFFICIENT_DATA
C,pdf_native_ocr,PLAN8,plot.width,NOT_APPLICABLE,INSUFFICIENT_DATA,SPURIOUS_APPLICABILITY_INSUFFICIENT_DATA
C,pdf_native_ocr,PLAN8,setbacks.front,INSUFFICIENT_DATA,INSUFFICIENT_DATA,GT_UNDECIDABLE
C,pdf_native_ocr,PLAN8,setbacks.left,INSUFFICIENT_DATA,REQUIRES_REVIEW,GT_UNDECIDABLE
C,pdf_native_ocr,PLAN8,setbacks.rear,INSUFFICIENT_DATA,REQUIRES_REVIEW,GT_UNDECIDABLE
C,pdf_native_ocr,PLAN8,setbacks.right,INSUFFICIENT_DATA,REQUIRES_REVIEW,GT_UNDECIDABLE
C,pdf_native_ocr,PLAN8,coverage,INSUFFICIENT_DATA,PASS,GT_UNDECIDABLE
C,pdf_native_ocr,PLAN8,far,INSUFFICIENT_DATA,FAIL,GT_UNDECIDABLE
C,pdf_native_ocr,PLAN9,road.width,NOT_APPLICABLE,INSUFFICIENT_DATA,SPURIOUS_APPLICABILITY_INSUFFICIENT_DATA
C,pdf_native_ocr,PLAN9,plot.depth,NOT_APPLICABLE,INSUFFICIENT_DATA,SPURIOUS_APPLICABILITY_INSUFFICIENT_DATA
C,pdf_native_ocr,PLAN9,plot.width,NOT_APPLICABLE,INSUFFICIENT_DATA,SPURIOUS_APPLICABILITY_INSUFFICIENT_DATA
C,pdf_native_ocr,PLAN9,setbacks.front,FAIL,FAIL,CORRECT_DECISION
C,pdf_native_ocr,PLAN9,setbacks.left,FAIL,FAIL,CORRECT_DECISION
C,pdf_native_ocr,PLAN9,setbacks.rear,PASS,FAIL,FALSE_FAIL
C,pdf_native_ocr,PLAN9,setbacks.right,FAIL,FAIL,CORRECT_DECISION
C,pdf_native_ocr,PLAN9,coverage,PASS,INSUFFICIENT_DATA,ABSTAIN_INSUFFICIENT_DATA
C,pdf_native_ocr,PLAN9,far,INSUFFICIENT_DATA,INSUFFICIENT_DATA,GT_UNDECIDABLE
C,pdf_native_only,PLAN1,road.width,NOT_APPLICABLE,INSUFFICIENT_DATA,SPURIOUS_APPLICABILITY_INSUFFICIENT_DATA
C,pdf_native_only,PLAN1,plot.depth,NOT_APPLICABLE,INSUFFICIENT_DATA,SPURIOUS_APPLICABILITY_INSUFFICIENT_DATA
C,pdf_native_only,PLAN1,plot.width,NOT_APPLICABLE,INSUFFICIENT_DATA,SPURIOUS_APPLICABILITY_INSUFFICIENT_DATA
C,pdf_native_only,PLAN1,setbacks.front,FAIL,FAIL,CORRECT_DECISION
C,pdf_native_only,PLAN1,setbacks.left,FAIL,FAIL,CORRECT_DECISION
C,pdf_native_only,PLAN1,setbacks.rear,FAIL,FAIL,CORRECT_DECISION
C,pdf_native_only,PLAN1,setbacks.right,FAIL,FAIL,CORRECT_DECISION
C,pdf_native_only,PLAN1,coverage,FAIL,INSUFFICIENT_DATA,ABSTAIN_INSUFFICIENT_DATA
C,pdf_native_only,PLAN1,far,FAIL,INSUFFICIENT_DATA,ABSTAIN_INSUFFICIENT_DATA
C,pdf_native_only,PLAN2,road.width,NOT_APPLICABLE,INSUFFICIENT_DATA,SPURIOUS_APPLICABILITY_INSUFFICIENT_DATA
C,pdf_native_only,PLAN2,plot.depth,NOT_APPLICABLE,INSUFFICIENT_DATA,SPURIOUS_APPLICABILITY_INSUFFICIENT_DATA
C,pdf_native_only,PLAN2,plot.width,NOT_APPLICABLE,INSUFFICIENT_DATA,SPURIOUS_APPLICABILITY_INSUFFICIENT_DATA
C,pdf_native_only,PLAN2,setbacks.front,FAIL,FAIL,CORRECT_DECISION
C,pdf_native_only,PLAN2,setbacks.left,FAIL,FAIL,CORRECT_DECISION
C,pdf_native_only,PLAN2,setbacks.rear,FAIL,FAIL,CORRECT_DECISION
C,pdf_native_only,PLAN2,setbacks.right,FAIL,FAIL,CORRECT_DECISION
C,pdf_native_only,PLAN2,coverage,FAIL,FAIL,CORRECT_DECISION
C,pdf_native_only,PLAN2,far,FAIL,FAIL,CORRECT_DECISION
C,pdf_native_only,PLAN4,road.width,FAIL,INSUFFICIENT_DATA,ABSTAIN_INSUFFICIENT_DATA
C,pdf_native_only,PLAN4,plot.depth,FAIL,INSUFFICIENT_DATA,ABSTAIN_INSUFFICIENT_DATA
C,pdf_native_only,PLAN4,plot.width,FAIL,INSUFFICIENT_DATA,ABSTAIN_INSUFFICIENT_DATA
C,pdf_native_only,PLAN4,setbacks.front,FAIL,FAIL,CORRECT_DECISION
C,pdf_native_only,PLAN4,setbacks.left,PASS,PASS,CORRECT_DECISION
C,pdf_native_only,PLAN4,setbacks.rear,FAIL,FAIL,CORRECT_DECISION
C,pdf_native_only,PLAN4,setbacks.right,FAIL,FAIL,CORRECT_DECISION
C,pdf_native_only,PLAN4,coverage,FAIL,FAIL,CORRECT_DECISION
C,pdf_native_only,PLAN4,far,INSUFFICIENT_DATA,REQUIRES_REVIEW,GT_UNDECIDABLE
C,pdf_native_only,PLAN5,road.width,NOT_APPLICABLE,INSUFFICIENT_DATA,SPURIOUS_APPLICABILITY_INSUFFICIENT_DATA
C,pdf_native_only,PLAN5,plot.depth,NOT_APPLICABLE,INSUFFICIENT_DATA,SPURIOUS_APPLICABILITY_INSUFFICIENT_DATA
C,pdf_native_only,PLAN5,plot.width,NOT_APPLICABLE,INSUFFICIENT_DATA,SPURIOUS_APPLICABILITY_INSUFFICIENT_DATA
C,pdf_native_only,PLAN5,setbacks.front,INSUFFICIENT_DATA,INSUFFICIENT_DATA,GT_UNDECIDABLE
C,pdf_native_only,PLAN5,setbacks.left,FAIL,INSUFFICIENT_DATA,ABSTAIN_INSUFFICIENT_DATA
C,pdf_native_only,PLAN5,setbacks.rear,PASS,INSUFFICIENT_DATA,ABSTAIN_INSUFFICIENT_DATA
C,pdf_native_only,PLAN5,setbacks.right,FAIL,INSUFFICIENT_DATA,ABSTAIN_INSUFFICIENT_DATA
C,pdf_native_only,PLAN5,coverage,PASS,INSUFFICIENT_DATA,ABSTAIN_INSUFFICIENT_DATA
C,pdf_native_only,PLAN5,far,INSUFFICIENT_DATA,INSUFFICIENT_DATA,GT_UNDECIDABLE
C,pdf_native_only,PLAN6,road.width,NOT_APPLICABLE,INSUFFICIENT_DATA,SPURIOUS_APPLICABILITY_INSUFFICIENT_DATA
C,pdf_native_only,PLAN6,plot.depth,NOT_APPLICABLE,INSUFFICIENT_DATA,SPURIOUS_APPLICABILITY_INSUFFICIENT_DATA
C,pdf_native_only,PLAN6,plot.width,NOT_APPLICABLE,INSUFFICIENT_DATA,SPURIOUS_APPLICABILITY_INSUFFICIENT_DATA
C,pdf_native_only,PLAN6,setbacks.front,INSUFFICIENT_DATA,INSUFFICIENT_DATA,GT_UNDECIDABLE
C,pdf_native_only,PLAN6,setbacks.left,INSUFFICIENT_DATA,FAIL,GT_UNDECIDABLE
C,pdf_native_only,PLAN6,setbacks.rear,INSUFFICIENT_DATA,FAIL,GT_UNDECIDABLE
C,pdf_native_only,PLAN6,setbacks.right,INSUFFICIENT_DATA,FAIL,GT_UNDECIDABLE
C,pdf_native_only,PLAN6,coverage,FAIL,FAIL,CORRECT_DECISION
C,pdf_native_only,PLAN6,far,FAIL,FAIL,CORRECT_DECISION
C,pdf_native_only,PLAN7,road.width,NOT_APPLICABLE,INSUFFICIENT_DATA,SPURIOUS_APPLICABILITY_INSUFFICIENT_DATA
C,pdf_native_only,PLAN7,plot.depth,NOT_APPLICABLE,INSUFFICIENT_DATA,SPURIOUS_APPLICABILITY_INSUFFICIENT_DATA
C,pdf_native_only,PLAN7,plot.width,NOT_APPLICABLE,INSUFFICIENT_DATA,SPURIOUS_APPLICABILITY_INSUFFICIENT_DATA
C,pdf_native_only,PLAN7,setbacks.front,INSUFFICIENT_DATA,INSUFFICIENT_DATA,GT_UNDECIDABLE
C,pdf_native_only,PLAN7,setbacks.left,INSUFFICIENT_DATA,INSUFFICIENT_DATA,GT_UNDECIDABLE
C,pdf_native_only,PLAN7,setbacks.rear,INSUFFICIENT_DATA,INSUFFICIENT_DATA,GT_UNDECIDABLE
C,pdf_native_only,PLAN7,setbacks.right,INSUFFICIENT_DATA,INSUFFICIENT_DATA,GT_UNDECIDABLE
C,pdf_native_only,PLAN7,coverage,INSUFFICIENT_DATA,INSUFFICIENT_DATA,GT_UNDECIDABLE
C,pdf_native_only,PLAN7,far,INSUFFICIENT_DATA,INSUFFICIENT_DATA,GT_UNDECIDABLE
C,pdf_native_only,PLAN8,road.width,NOT_APPLICABLE,INSUFFICIENT_DATA,SPURIOUS_APPLICABILITY_INSUFFICIENT_DATA
C,pdf_native_only,PLAN8,plot.depth,NOT_APPLICABLE,INSUFFICIENT_DATA,SPURIOUS_APPLICABILITY_INSUFFICIENT_DATA
C,pdf_native_only,PLAN8,plot.width,NOT_APPLICABLE,INSUFFICIENT_DATA,SPURIOUS_APPLICABILITY_INSUFFICIENT_DATA
C,pdf_native_only,PLAN8,setbacks.front,INSUFFICIENT_DATA,INSUFFICIENT_DATA,GT_UNDECIDABLE
C,pdf_native_only,PLAN8,setbacks.left,INSUFFICIENT_DATA,REQUIRES_REVIEW,GT_UNDECIDABLE
C,pdf_native_only,PLAN8,setbacks.rear,INSUFFICIENT_DATA,REQUIRES_REVIEW,GT_UNDECIDABLE
C,pdf_native_only,PLAN8,setbacks.right,INSUFFICIENT_DATA,REQUIRES_REVIEW,GT_UNDECIDABLE
C,pdf_native_only,PLAN8,coverage,INSUFFICIENT_DATA,PASS,GT_UNDECIDABLE
C,pdf_native_only,PLAN8,far,INSUFFICIENT_DATA,FAIL,GT_UNDECIDABLE
C,pdf_native_only,PLAN9,road.width,NOT_APPLICABLE,INSUFFICIENT_DATA,SPURIOUS_APPLICABILITY_INSUFFICIENT_DATA
C,pdf_native_only,PLAN9,plot.depth,NOT_APPLICABLE,INSUFFICIENT_DATA,SPURIOUS_APPLICABILITY_INSUFFICIENT_DATA
C,pdf_native_only,PLAN9,plot.width,NOT_APPLICABLE,INSUFFICIENT_DATA,SPURIOUS_APPLICABILITY_INSUFFICIENT_DATA
C,pdf_native_only,PLAN9,setbacks.front,FAIL,FAIL,CORRECT_DECISION
C,pdf_native_only,PLAN9,setbacks.left,FAIL,FAIL,CORRECT_DECISION
C,pdf_native_only,PLAN9,setbacks.rear,PASS,FAIL,FALSE_FAIL
C,pdf_native_only,PLAN9,setbacks.right,FAIL,FAIL,CORRECT_DECISION
C,pdf_native_only,PLAN9,coverage,PASS,INSUFFICIENT_DATA,ABSTAIN_INSUFFICIENT_DATA
C,pdf_native_only,PLAN9,far,INSUFFICIENT_DATA,INSUFFICIENT_DATA,GT_UNDECIDABLE
C,pdf_dxf_reconciled,PLAN1,setbacks.front,FAIL,FAIL,CORRECT_DECISION
C,pdf_dxf_reconciled,PLAN1,setbacks.left,FAIL,FAIL,CORRECT_DECISION
C,pdf_dxf_reconciled,PLAN1,setbacks.rear,FAIL,FAIL,CORRECT_DECISION
C,pdf_dxf_reconciled,PLAN1,setbacks.right,FAIL,FAIL,CORRECT_DECISION
C,pdf_dxf_reconciled,PLAN1,coverage,FAIL,FAIL,CORRECT_DECISION
C,pdf_dxf_reconciled,PLAN1,far,FAIL,FAIL,CORRECT_DECISION
C,pdf_dxf_reconciled,PLAN2,setbacks.front,FAIL,FAIL,CORRECT_DECISION
C,pdf_dxf_reconciled,PLAN2,setbacks.left,FAIL,FAIL,CORRECT_DECISION
C,pdf_dxf_reconciled,PLAN2,setbacks.rear,FAIL,FAIL,CORRECT_DECISION
C,pdf_dxf_reconciled,PLAN2,setbacks.right,FAIL,FAIL,CORRECT_DECISION
C,pdf_dxf_reconciled,PLAN2,coverage,FAIL,FAIL,CORRECT_DECISION
C,pdf_dxf_reconciled,PLAN2,far,FAIL,FAIL,CORRECT_DECISION
C,pdf_dxf_reconciled,PLAN4,road.width,FAIL,FAIL,CORRECT_DECISION
C,pdf_dxf_reconciled,PLAN4,plot.depth,FAIL,FAIL,CORRECT_DECISION
C,pdf_dxf_reconciled,PLAN4,plot.width,FAIL,FAIL,CORRECT_DECISION
C,pdf_dxf_reconciled,PLAN4,setbacks.front,FAIL,FAIL,CORRECT_DECISION
C,pdf_dxf_reconciled,PLAN4,setbacks.left,PASS,PASS,CORRECT_DECISION
C,pdf_dxf_reconciled,PLAN4,setbacks.rear,FAIL,FAIL,CORRECT_DECISION
C,pdf_dxf_reconciled,PLAN4,setbacks.right,FAIL,FAIL,CORRECT_DECISION
C,pdf_dxf_reconciled,PLAN4,coverage,FAIL,FAIL,CORRECT_DECISION
C,pdf_dxf_reconciled,PLAN4,far,INSUFFICIENT_DATA,REQUIRES_REVIEW,GT_UNDECIDABLE
C,pdf_dxf_reconciled,PLAN5,setbacks.front,INSUFFICIENT_DATA,INSUFFICIENT_DATA,GT_UNDECIDABLE
C,pdf_dxf_reconciled,PLAN5,setbacks.left,FAIL,FAIL,CORRECT_DECISION
C,pdf_dxf_reconciled,PLAN5,setbacks.rear,PASS,PASS,CORRECT_DECISION
C,pdf_dxf_reconciled,PLAN5,setbacks.right,FAIL,FAIL,CORRECT_DECISION
C,pdf_dxf_reconciled,PLAN5,coverage,PASS,PASS,CORRECT_DECISION
C,pdf_dxf_reconciled,PLAN5,far,INSUFFICIENT_DATA,FAIL,GT_UNDECIDABLE
C,pdf_dxf_reconciled,PLAN6,setbacks.front,INSUFFICIENT_DATA,INSUFFICIENT_DATA,GT_UNDECIDABLE
C,pdf_dxf_reconciled,PLAN6,setbacks.left,INSUFFICIENT_DATA,FAIL,GT_UNDECIDABLE
C,pdf_dxf_reconciled,PLAN6,setbacks.rear,INSUFFICIENT_DATA,FAIL,GT_UNDECIDABLE
C,pdf_dxf_reconciled,PLAN6,setbacks.right,INSUFFICIENT_DATA,FAIL,GT_UNDECIDABLE
C,pdf_dxf_reconciled,PLAN6,coverage,FAIL,FAIL,CORRECT_DECISION
C,pdf_dxf_reconciled,PLAN6,far,FAIL,FAIL,CORRECT_DECISION
C,pdf_dxf_reconciled,PLAN7,road.width,NOT_APPLICABLE,INSUFFICIENT_DATA,SPURIOUS_APPLICABILITY_INSUFFICIENT_DATA
C,pdf_dxf_reconciled,PLAN7,plot.depth,NOT_APPLICABLE,INSUFFICIENT_DATA,SPURIOUS_APPLICABILITY_INSUFFICIENT_DATA
C,pdf_dxf_reconciled,PLAN7,plot.width,NOT_APPLICABLE,INSUFFICIENT_DATA,SPURIOUS_APPLICABILITY_INSUFFICIENT_DATA
C,pdf_dxf_reconciled,PLAN7,setbacks.front,INSUFFICIENT_DATA,INSUFFICIENT_DATA,GT_UNDECIDABLE
C,pdf_dxf_reconciled,PLAN7,setbacks.left,INSUFFICIENT_DATA,INSUFFICIENT_DATA,GT_UNDECIDABLE
C,pdf_dxf_reconciled,PLAN7,setbacks.rear,INSUFFICIENT_DATA,NOT_APPLICABLE,GT_UNDECIDABLE
C,pdf_dxf_reconciled,PLAN7,setbacks.right,INSUFFICIENT_DATA,INSUFFICIENT_DATA,GT_UNDECIDABLE
C,pdf_dxf_reconciled,PLAN7,coverage,INSUFFICIENT_DATA,REQUIRES_REVIEW,GT_UNDECIDABLE
C,pdf_dxf_reconciled,PLAN7,far,INSUFFICIENT_DATA,REQUIRES_REVIEW,GT_UNDECIDABLE
C,pdf_dxf_reconciled,PLAN8,setbacks.front,INSUFFICIENT_DATA,INSUFFICIENT_DATA,GT_UNDECIDABLE
C,pdf_dxf_reconciled,PLAN8,setbacks.left,INSUFFICIENT_DATA,REQUIRES_REVIEW,GT_UNDECIDABLE
C,pdf_dxf_reconciled,PLAN8,setbacks.rear,INSUFFICIENT_DATA,REQUIRES_REVIEW,GT_UNDECIDABLE
C,pdf_dxf_reconciled,PLAN8,setbacks.right,INSUFFICIENT_DATA,REQUIRES_REVIEW,GT_UNDECIDABLE
C,pdf_dxf_reconciled,PLAN8,coverage,INSUFFICIENT_DATA,PASS,GT_UNDECIDABLE
C,pdf_dxf_reconciled,PLAN8,far,INSUFFICIENT_DATA,FAIL,GT_UNDECIDABLE
C,pdf_dxf_reconciled,PLAN9,road.width,NOT_APPLICABLE,INSUFFICIENT_DATA,SPURIOUS_APPLICABILITY_INSUFFICIENT_DATA
C,pdf_dxf_reconciled,PLAN9,plot.depth,NOT_APPLICABLE,INSUFFICIENT_DATA,SPURIOUS_APPLICABILITY_INSUFFICIENT_DATA
C,pdf_dxf_reconciled,PLAN9,plot.width,NOT_APPLICABLE,INSUFFICIENT_DATA,SPURIOUS_APPLICABILITY_INSUFFICIENT_DATA
C,pdf_dxf_reconciled,PLAN9,setbacks.front,FAIL,FAIL,CORRECT_DECISION
C,pdf_dxf_reconciled,PLAN9,setbacks.left,FAIL,FAIL,CORRECT_DECISION
C,pdf_dxf_reconciled,PLAN9,setbacks.rear,PASS,FAIL,FALSE_FAIL
C,pdf_dxf_reconciled,PLAN9,setbacks.right,FAIL,FAIL,CORRECT_DECISION
C,pdf_dxf_reconciled,PLAN9,coverage,PASS,PASS,CORRECT_DECISION
C,pdf_dxf_reconciled,PLAN9,far,INSUFFICIENT_DATA,REQUIRES_REVIEW,GT_UNDECIDABLE
C,pdf_hybrid__ungated,PLAN1,setbacks.front,FAIL,FAIL,CORRECT_DECISION
C,pdf_hybrid__ungated,PLAN1,setbacks.left,FAIL,FAIL,CORRECT_DECISION
C,pdf_hybrid__ungated,PLAN1,setbacks.rear,FAIL,FAIL,CORRECT_DECISION
C,pdf_hybrid__ungated,PLAN1,setbacks.right,FAIL,FAIL,CORRECT_DECISION
C,pdf_hybrid__ungated,PLAN1,coverage,FAIL,FAIL,CORRECT_DECISION
C,pdf_hybrid__ungated,PLAN1,far,FAIL,FAIL,CORRECT_DECISION
C,pdf_hybrid__ungated,PLAN2,setbacks.front,FAIL,FAIL,CORRECT_DECISION
C,pdf_hybrid__ungated,PLAN2,setbacks.left,FAIL,FAIL,CORRECT_DECISION
C,pdf_hybrid__ungated,PLAN2,setbacks.rear,FAIL,FAIL,CORRECT_DECISION
C,pdf_hybrid__ungated,PLAN2,setbacks.right,FAIL,FAIL,CORRECT_DECISION
C,pdf_hybrid__ungated,PLAN2,coverage,FAIL,FAIL,CORRECT_DECISION
C,pdf_hybrid__ungated,PLAN2,far,FAIL,FAIL,CORRECT_DECISION
C,pdf_hybrid__ungated,PLAN4,road.width,FAIL,FAIL,CORRECT_DECISION
C,pdf_hybrid__ungated,PLAN4,plot.depth,FAIL,FAIL,CORRECT_DECISION
C,pdf_hybrid__ungated,PLAN4,plot.width,FAIL,FAIL,CORRECT_DECISION
C,pdf_hybrid__ungated,PLAN4,setbacks.front,FAIL,FAIL,CORRECT_DECISION
C,pdf_hybrid__ungated,PLAN4,setbacks.left,PASS,PASS,CORRECT_DECISION
C,pdf_hybrid__ungated,PLAN4,setbacks.rear,FAIL,FAIL,CORRECT_DECISION
C,pdf_hybrid__ungated,PLAN4,setbacks.right,FAIL,FAIL,CORRECT_DECISION
C,pdf_hybrid__ungated,PLAN4,coverage,FAIL,FAIL,CORRECT_DECISION
C,pdf_hybrid__ungated,PLAN4,far,INSUFFICIENT_DATA,FAIL,GT_UNDECIDABLE
C,pdf_hybrid__ungated,PLAN5,setbacks.front,INSUFFICIENT_DATA,INSUFFICIENT_DATA,GT_UNDECIDABLE
C,pdf_hybrid__ungated,PLAN5,setbacks.left,FAIL,FAIL,CORRECT_DECISION
C,pdf_hybrid__ungated,PLAN5,setbacks.rear,PASS,PASS,CORRECT_DECISION
C,pdf_hybrid__ungated,PLAN5,setbacks.right,FAIL,FAIL,CORRECT_DECISION
C,pdf_hybrid__ungated,PLAN5,coverage,PASS,PASS,CORRECT_DECISION
C,pdf_hybrid__ungated,PLAN5,far,INSUFFICIENT_DATA,FAIL,GT_UNDECIDABLE
C,pdf_hybrid__ungated,PLAN6,setbacks.front,INSUFFICIENT_DATA,INSUFFICIENT_DATA,GT_UNDECIDABLE
C,pdf_hybrid__ungated,PLAN6,setbacks.left,INSUFFICIENT_DATA,FAIL,GT_UNDECIDABLE
C,pdf_hybrid__ungated,PLAN6,setbacks.rear,INSUFFICIENT_DATA,FAIL,GT_UNDECIDABLE
C,pdf_hybrid__ungated,PLAN6,setbacks.right,INSUFFICIENT_DATA,FAIL,GT_UNDECIDABLE
C,pdf_hybrid__ungated,PLAN6,coverage,FAIL,FAIL,CORRECT_DECISION
C,pdf_hybrid__ungated,PLAN6,far,FAIL,FAIL,CORRECT_DECISION
C,pdf_hybrid__ungated,PLAN7,road.width,NOT_APPLICABLE,INSUFFICIENT_DATA,SPURIOUS_APPLICABILITY_INSUFFICIENT_DATA
C,pdf_hybrid__ungated,PLAN7,plot.depth,NOT_APPLICABLE,INSUFFICIENT_DATA,SPURIOUS_APPLICABILITY_INSUFFICIENT_DATA
C,pdf_hybrid__ungated,PLAN7,plot.width,NOT_APPLICABLE,INSUFFICIENT_DATA,SPURIOUS_APPLICABILITY_INSUFFICIENT_DATA
C,pdf_hybrid__ungated,PLAN7,setbacks.front,INSUFFICIENT_DATA,INSUFFICIENT_DATA,GT_UNDECIDABLE
C,pdf_hybrid__ungated,PLAN7,setbacks.left,INSUFFICIENT_DATA,INSUFFICIENT_DATA,GT_UNDECIDABLE
C,pdf_hybrid__ungated,PLAN7,setbacks.rear,INSUFFICIENT_DATA,NOT_APPLICABLE,GT_UNDECIDABLE
C,pdf_hybrid__ungated,PLAN7,setbacks.right,INSUFFICIENT_DATA,INSUFFICIENT_DATA,GT_UNDECIDABLE
C,pdf_hybrid__ungated,PLAN7,coverage,INSUFFICIENT_DATA,FAIL,GT_UNDECIDABLE
C,pdf_hybrid__ungated,PLAN7,far,INSUFFICIENT_DATA,PASS,GT_UNDECIDABLE
C,pdf_hybrid__ungated,PLAN8,setbacks.front,INSUFFICIENT_DATA,FAIL,GT_UNDECIDABLE
C,pdf_hybrid__ungated,PLAN8,setbacks.left,INSUFFICIENT_DATA,PASS,GT_UNDECIDABLE
C,pdf_hybrid__ungated,PLAN8,setbacks.rear,INSUFFICIENT_DATA,PASS,GT_UNDECIDABLE
C,pdf_hybrid__ungated,PLAN8,setbacks.right,INSUFFICIENT_DATA,FAIL,GT_UNDECIDABLE
C,pdf_hybrid__ungated,PLAN8,coverage,INSUFFICIENT_DATA,PASS,GT_UNDECIDABLE
C,pdf_hybrid__ungated,PLAN8,far,INSUFFICIENT_DATA,FAIL,GT_UNDECIDABLE
C,pdf_hybrid__ungated,PLAN9,road.width,NOT_APPLICABLE,INSUFFICIENT_DATA,SPURIOUS_APPLICABILITY_INSUFFICIENT_DATA
C,pdf_hybrid__ungated,PLAN9,plot.depth,NOT_APPLICABLE,INSUFFICIENT_DATA,SPURIOUS_APPLICABILITY_INSUFFICIENT_DATA
C,pdf_hybrid__ungated,PLAN9,plot.width,NOT_APPLICABLE,INSUFFICIENT_DATA,SPURIOUS_APPLICABILITY_INSUFFICIENT_DATA
C,pdf_hybrid__ungated,PLAN9,setbacks.front,FAIL,FAIL,CORRECT_DECISION
C,pdf_hybrid__ungated,PLAN9,setbacks.left,FAIL,FAIL,CORRECT_DECISION
C,pdf_hybrid__ungated,PLAN9,setbacks.rear,PASS,FAIL,FALSE_FAIL
C,pdf_hybrid__ungated,PLAN9,setbacks.right,FAIL,FAIL,CORRECT_DECISION
C,pdf_hybrid__ungated,PLAN9,coverage,PASS,PASS,CORRECT_DECISION
C,pdf_hybrid__ungated,PLAN9,far,INSUFFICIENT_DATA,PASS,GT_UNDECIDABLE
C,dxf_hybrid__ungated,PLAN1,road.width,NOT_APPLICABLE,INSUFFICIENT_DATA,SPURIOUS_APPLICABILITY_INSUFFICIENT_DATA
C,dxf_hybrid__ungated,PLAN1,plot.depth,NOT_APPLICABLE,INSUFFICIENT_DATA,SPURIOUS_APPLICABILITY_INSUFFICIENT_DATA
C,dxf_hybrid__ungated,PLAN1,plot.width,NOT_APPLICABLE,INSUFFICIENT_DATA,SPURIOUS_APPLICABILITY_INSUFFICIENT_DATA
C,dxf_hybrid__ungated,PLAN1,setbacks.front,FAIL,FAIL,CORRECT_DECISION
C,dxf_hybrid__ungated,PLAN1,setbacks.left,FAIL,PASS,FALSE_PASS
C,dxf_hybrid__ungated,PLAN1,setbacks.rear,FAIL,PASS,FALSE_PASS
C,dxf_hybrid__ungated,PLAN1,setbacks.right,FAIL,FAIL,CORRECT_DECISION
C,dxf_hybrid__ungated,PLAN1,coverage,FAIL,FAIL,CORRECT_DECISION
C,dxf_hybrid__ungated,PLAN1,far,FAIL,PASS,FALSE_PASS
C,dxf_hybrid__ungated,PLAN2,road.width,NOT_APPLICABLE,INSUFFICIENT_DATA,SPURIOUS_APPLICABILITY_INSUFFICIENT_DATA
C,dxf_hybrid__ungated,PLAN2,plot.depth,NOT_APPLICABLE,INSUFFICIENT_DATA,SPURIOUS_APPLICABILITY_INSUFFICIENT_DATA
C,dxf_hybrid__ungated,PLAN2,plot.width,NOT_APPLICABLE,INSUFFICIENT_DATA,SPURIOUS_APPLICABILITY_INSUFFICIENT_DATA
C,dxf_hybrid__ungated,PLAN2,setbacks.front,FAIL,FAIL,CORRECT_DECISION
C,dxf_hybrid__ungated,PLAN2,setbacks.left,FAIL,FAIL,CORRECT_DECISION
C,dxf_hybrid__ungated,PLAN2,setbacks.rear,FAIL,FAIL,CORRECT_DECISION
C,dxf_hybrid__ungated,PLAN2,setbacks.right,FAIL,FAIL,CORRECT_DECISION
C,dxf_hybrid__ungated,PLAN2,coverage,FAIL,FAIL,CORRECT_DECISION
C,dxf_hybrid__ungated,PLAN2,far,FAIL,PASS,FALSE_PASS
C,dxf_hybrid__ungated,PLAN4,road.width,FAIL,INSUFFICIENT_DATA,ABSTAIN_INSUFFICIENT_DATA
C,dxf_hybrid__ungated,PLAN4,plot.depth,FAIL,INSUFFICIENT_DATA,ABSTAIN_INSUFFICIENT_DATA
C,dxf_hybrid__ungated,PLAN4,plot.width,FAIL,INSUFFICIENT_DATA,ABSTAIN_INSUFFICIENT_DATA
C,dxf_hybrid__ungated,PLAN4,setbacks.front,FAIL,INSUFFICIENT_DATA,ABSTAIN_INSUFFICIENT_DATA
C,dxf_hybrid__ungated,PLAN4,setbacks.left,PASS,NOT_APPLICABLE,APPLICABILITY_FLIP
C,dxf_hybrid__ungated,PLAN4,setbacks.rear,FAIL,INSUFFICIENT_DATA,ABSTAIN_INSUFFICIENT_DATA
C,dxf_hybrid__ungated,PLAN4,setbacks.right,FAIL,INSUFFICIENT_DATA,ABSTAIN_INSUFFICIENT_DATA
C,dxf_hybrid__ungated,PLAN4,coverage,FAIL,INSUFFICIENT_DATA,ABSTAIN_INSUFFICIENT_DATA
C,dxf_hybrid__ungated,PLAN4,far,INSUFFICIENT_DATA,INSUFFICIENT_DATA,GT_UNDECIDABLE
C,dxf_hybrid__ungated,PLAN5,road.width,NOT_APPLICABLE,INSUFFICIENT_DATA,SPURIOUS_APPLICABILITY_INSUFFICIENT_DATA
C,dxf_hybrid__ungated,PLAN5,plot.depth,NOT_APPLICABLE,INSUFFICIENT_DATA,SPURIOUS_APPLICABILITY_INSUFFICIENT_DATA
C,dxf_hybrid__ungated,PLAN5,plot.width,NOT_APPLICABLE,INSUFFICIENT_DATA,SPURIOUS_APPLICABILITY_INSUFFICIENT_DATA
C,dxf_hybrid__ungated,PLAN5,setbacks.front,INSUFFICIENT_DATA,INSUFFICIENT_DATA,GT_UNDECIDABLE
C,dxf_hybrid__ungated,PLAN5,setbacks.left,FAIL,NOT_APPLICABLE,APPLICABILITY_FLIP
C,dxf_hybrid__ungated,PLAN5,setbacks.rear,PASS,NOT_APPLICABLE,APPLICABILITY_FLIP
C,dxf_hybrid__ungated,PLAN5,setbacks.right,FAIL,INSUFFICIENT_DATA,ABSTAIN_INSUFFICIENT_DATA
C,dxf_hybrid__ungated,PLAN5,coverage,PASS,INSUFFICIENT_DATA,ABSTAIN_INSUFFICIENT_DATA
C,dxf_hybrid__ungated,PLAN5,far,INSUFFICIENT_DATA,INSUFFICIENT_DATA,GT_UNDECIDABLE
C,dxf_hybrid__ungated,PLAN6,road.width,NOT_APPLICABLE,INSUFFICIENT_DATA,SPURIOUS_APPLICABILITY_INSUFFICIENT_DATA
C,dxf_hybrid__ungated,PLAN6,plot.depth,NOT_APPLICABLE,INSUFFICIENT_DATA,SPURIOUS_APPLICABILITY_INSUFFICIENT_DATA
C,dxf_hybrid__ungated,PLAN6,plot.width,NOT_APPLICABLE,INSUFFICIENT_DATA,SPURIOUS_APPLICABILITY_INSUFFICIENT_DATA
C,dxf_hybrid__ungated,PLAN6,setbacks.front,INSUFFICIENT_DATA,FAIL,GT_UNDECIDABLE
C,dxf_hybrid__ungated,PLAN6,setbacks.left,INSUFFICIENT_DATA,INSUFFICIENT_DATA,GT_UNDECIDABLE
C,dxf_hybrid__ungated,PLAN6,setbacks.rear,INSUFFICIENT_DATA,NOT_APPLICABLE,GT_UNDECIDABLE
C,dxf_hybrid__ungated,PLAN6,setbacks.right,INSUFFICIENT_DATA,FAIL,GT_UNDECIDABLE
C,dxf_hybrid__ungated,PLAN6,coverage,FAIL,PASS,FALSE_PASS
C,dxf_hybrid__ungated,PLAN6,far,FAIL,PASS,FALSE_PASS
C,dxf_hybrid__ungated,PLAN7,road.width,NOT_APPLICABLE,INSUFFICIENT_DATA,SPURIOUS_APPLICABILITY_INSUFFICIENT_DATA
C,dxf_hybrid__ungated,PLAN7,plot.depth,NOT_APPLICABLE,INSUFFICIENT_DATA,SPURIOUS_APPLICABILITY_INSUFFICIENT_DATA
C,dxf_hybrid__ungated,PLAN7,plot.width,NOT_APPLICABLE,INSUFFICIENT_DATA,SPURIOUS_APPLICABILITY_INSUFFICIENT_DATA
C,dxf_hybrid__ungated,PLAN7,setbacks.front,INSUFFICIENT_DATA,INSUFFICIENT_DATA,GT_UNDECIDABLE
C,dxf_hybrid__ungated,PLAN7,setbacks.left,INSUFFICIENT_DATA,INSUFFICIENT_DATA,GT_UNDECIDABLE
C,dxf_hybrid__ungated,PLAN7,setbacks.rear,INSUFFICIENT_DATA,INSUFFICIENT_DATA,GT_UNDECIDABLE
C,dxf_hybrid__ungated,PLAN7,setbacks.right,INSUFFICIENT_DATA,INSUFFICIENT_DATA,GT_UNDECIDABLE
C,dxf_hybrid__ungated,PLAN7,coverage,INSUFFICIENT_DATA,INSUFFICIENT_DATA,GT_UNDECIDABLE
C,dxf_hybrid__ungated,PLAN7,far,INSUFFICIENT_DATA,INSUFFICIENT_DATA,GT_UNDECIDABLE
C,dxf_hybrid__ungated,PLAN8,road.width,NOT_APPLICABLE,INSUFFICIENT_DATA,SPURIOUS_APPLICABILITY_INSUFFICIENT_DATA
C,dxf_hybrid__ungated,PLAN8,plot.depth,NOT_APPLICABLE,INSUFFICIENT_DATA,SPURIOUS_APPLICABILITY_INSUFFICIENT_DATA
C,dxf_hybrid__ungated,PLAN8,plot.width,NOT_APPLICABLE,INSUFFICIENT_DATA,SPURIOUS_APPLICABILITY_INSUFFICIENT_DATA
C,dxf_hybrid__ungated,PLAN8,setbacks.front,INSUFFICIENT_DATA,FAIL,GT_UNDECIDABLE
C,dxf_hybrid__ungated,PLAN8,setbacks.left,INSUFFICIENT_DATA,FAIL,GT_UNDECIDABLE
C,dxf_hybrid__ungated,PLAN8,setbacks.rear,INSUFFICIENT_DATA,PASS,GT_UNDECIDABLE
C,dxf_hybrid__ungated,PLAN8,setbacks.right,INSUFFICIENT_DATA,PASS,GT_UNDECIDABLE
C,dxf_hybrid__ungated,PLAN8,coverage,INSUFFICIENT_DATA,PASS,GT_UNDECIDABLE
C,dxf_hybrid__ungated,PLAN8,far,INSUFFICIENT_DATA,FAIL,GT_UNDECIDABLE
C,dxf_hybrid__ungated,PLAN9,road.width,NOT_APPLICABLE,INSUFFICIENT_DATA,SPURIOUS_APPLICABILITY_INSUFFICIENT_DATA
C,dxf_hybrid__ungated,PLAN9,plot.depth,NOT_APPLICABLE,INSUFFICIENT_DATA,SPURIOUS_APPLICABILITY_INSUFFICIENT_DATA
C,dxf_hybrid__ungated,PLAN9,plot.width,NOT_APPLICABLE,INSUFFICIENT_DATA,SPURIOUS_APPLICABILITY_INSUFFICIENT_DATA
C,dxf_hybrid__ungated,PLAN9,setbacks.front,FAIL,INSUFFICIENT_DATA,ABSTAIN_INSUFFICIENT_DATA
C,dxf_hybrid__ungated,PLAN9,setbacks.left,FAIL,FAIL,CORRECT_DECISION
C,dxf_hybrid__ungated,PLAN9,setbacks.rear,PASS,PASS,CORRECT_DECISION
C,dxf_hybrid__ungated,PLAN9,setbacks.right,FAIL,FAIL,CORRECT_DECISION
C,dxf_hybrid__ungated,PLAN9,coverage,PASS,PASS,CORRECT_DECISION
C,dxf_hybrid__ungated,PLAN9,far,INSUFFICIENT_DATA,PASS,GT_UNDECIDABLE
C,dxf_evidence_decision__ungated,PLAN1,road.width,NOT_APPLICABLE,INSUFFICIENT_DATA,SPURIOUS_APPLICABILITY_INSUFFICIENT_DATA
C,dxf_evidence_decision__ungated,PLAN1,plot.depth,NOT_APPLICABLE,INSUFFICIENT_DATA,SPURIOUS_APPLICABILITY_INSUFFICIENT_DATA
C,dxf_evidence_decision__ungated,PLAN1,plot.width,NOT_APPLICABLE,INSUFFICIENT_DATA,SPURIOUS_APPLICABILITY_INSUFFICIENT_DATA
C,dxf_evidence_decision__ungated,PLAN1,setbacks.front,FAIL,FAIL,CORRECT_DECISION
C,dxf_evidence_decision__ungated,PLAN1,setbacks.left,FAIL,PASS,FALSE_PASS
C,dxf_evidence_decision__ungated,PLAN1,setbacks.rear,FAIL,PASS,FALSE_PASS
C,dxf_evidence_decision__ungated,PLAN1,setbacks.right,FAIL,FAIL,CORRECT_DECISION
C,dxf_evidence_decision__ungated,PLAN1,coverage,FAIL,FAIL,CORRECT_DECISION
C,dxf_evidence_decision__ungated,PLAN1,far,FAIL,PASS,FALSE_PASS
C,dxf_evidence_decision__ungated,PLAN2,road.width,NOT_APPLICABLE,INSUFFICIENT_DATA,SPURIOUS_APPLICABILITY_INSUFFICIENT_DATA
C,dxf_evidence_decision__ungated,PLAN2,plot.depth,NOT_APPLICABLE,INSUFFICIENT_DATA,SPURIOUS_APPLICABILITY_INSUFFICIENT_DATA
C,dxf_evidence_decision__ungated,PLAN2,plot.width,NOT_APPLICABLE,INSUFFICIENT_DATA,SPURIOUS_APPLICABILITY_INSUFFICIENT_DATA
C,dxf_evidence_decision__ungated,PLAN2,setbacks.front,FAIL,FAIL,CORRECT_DECISION
C,dxf_evidence_decision__ungated,PLAN2,setbacks.left,FAIL,FAIL,CORRECT_DECISION
C,dxf_evidence_decision__ungated,PLAN2,setbacks.rear,FAIL,FAIL,CORRECT_DECISION
C,dxf_evidence_decision__ungated,PLAN2,setbacks.right,FAIL,FAIL,CORRECT_DECISION
C,dxf_evidence_decision__ungated,PLAN2,coverage,FAIL,FAIL,CORRECT_DECISION
C,dxf_evidence_decision__ungated,PLAN2,far,FAIL,PASS,FALSE_PASS
C,dxf_evidence_decision__ungated,PLAN4,road.width,FAIL,INSUFFICIENT_DATA,ABSTAIN_INSUFFICIENT_DATA
C,dxf_evidence_decision__ungated,PLAN4,plot.depth,FAIL,INSUFFICIENT_DATA,ABSTAIN_INSUFFICIENT_DATA
C,dxf_evidence_decision__ungated,PLAN4,plot.width,FAIL,INSUFFICIENT_DATA,ABSTAIN_INSUFFICIENT_DATA
C,dxf_evidence_decision__ungated,PLAN4,setbacks.front,FAIL,INSUFFICIENT_DATA,ABSTAIN_INSUFFICIENT_DATA
C,dxf_evidence_decision__ungated,PLAN4,setbacks.left,PASS,INSUFFICIENT_DATA,ABSTAIN_INSUFFICIENT_DATA
C,dxf_evidence_decision__ungated,PLAN4,setbacks.rear,FAIL,INSUFFICIENT_DATA,ABSTAIN_INSUFFICIENT_DATA
C,dxf_evidence_decision__ungated,PLAN4,setbacks.right,FAIL,INSUFFICIENT_DATA,ABSTAIN_INSUFFICIENT_DATA
C,dxf_evidence_decision__ungated,PLAN4,coverage,FAIL,INSUFFICIENT_DATA,ABSTAIN_INSUFFICIENT_DATA
C,dxf_evidence_decision__ungated,PLAN4,far,INSUFFICIENT_DATA,INSUFFICIENT_DATA,GT_UNDECIDABLE
C,dxf_evidence_decision__ungated,PLAN5,road.width,NOT_APPLICABLE,INSUFFICIENT_DATA,SPURIOUS_APPLICABILITY_INSUFFICIENT_DATA
C,dxf_evidence_decision__ungated,PLAN5,plot.depth,NOT_APPLICABLE,INSUFFICIENT_DATA,SPURIOUS_APPLICABILITY_INSUFFICIENT_DATA
C,dxf_evidence_decision__ungated,PLAN5,plot.width,NOT_APPLICABLE,INSUFFICIENT_DATA,SPURIOUS_APPLICABILITY_INSUFFICIENT_DATA
C,dxf_evidence_decision__ungated,PLAN5,setbacks.front,INSUFFICIENT_DATA,INSUFFICIENT_DATA,GT_UNDECIDABLE
C,dxf_evidence_decision__ungated,PLAN5,setbacks.left,FAIL,NOT_APPLICABLE,APPLICABILITY_FLIP
C,dxf_evidence_decision__ungated,PLAN5,setbacks.rear,PASS,NOT_APPLICABLE,APPLICABILITY_FLIP
C,dxf_evidence_decision__ungated,PLAN5,setbacks.right,FAIL,INSUFFICIENT_DATA,ABSTAIN_INSUFFICIENT_DATA
C,dxf_evidence_decision__ungated,PLAN5,coverage,PASS,INSUFFICIENT_DATA,ABSTAIN_INSUFFICIENT_DATA
C,dxf_evidence_decision__ungated,PLAN5,far,INSUFFICIENT_DATA,INSUFFICIENT_DATA,GT_UNDECIDABLE
C,dxf_evidence_decision__ungated,PLAN6,road.width,NOT_APPLICABLE,INSUFFICIENT_DATA,SPURIOUS_APPLICABILITY_INSUFFICIENT_DATA
C,dxf_evidence_decision__ungated,PLAN6,plot.depth,NOT_APPLICABLE,INSUFFICIENT_DATA,SPURIOUS_APPLICABILITY_INSUFFICIENT_DATA
C,dxf_evidence_decision__ungated,PLAN6,plot.width,NOT_APPLICABLE,INSUFFICIENT_DATA,SPURIOUS_APPLICABILITY_INSUFFICIENT_DATA
C,dxf_evidence_decision__ungated,PLAN6,setbacks.front,INSUFFICIENT_DATA,INSUFFICIENT_DATA,GT_UNDECIDABLE
C,dxf_evidence_decision__ungated,PLAN6,setbacks.left,INSUFFICIENT_DATA,INSUFFICIENT_DATA,GT_UNDECIDABLE
C,dxf_evidence_decision__ungated,PLAN6,setbacks.rear,INSUFFICIENT_DATA,INSUFFICIENT_DATA,GT_UNDECIDABLE
C,dxf_evidence_decision__ungated,PLAN6,setbacks.right,INSUFFICIENT_DATA,INSUFFICIENT_DATA,GT_UNDECIDABLE
C,dxf_evidence_decision__ungated,PLAN6,coverage,FAIL,INSUFFICIENT_DATA,ABSTAIN_INSUFFICIENT_DATA
C,dxf_evidence_decision__ungated,PLAN6,far,FAIL,INSUFFICIENT_DATA,ABSTAIN_INSUFFICIENT_DATA
C,dxf_evidence_decision__ungated,PLAN7,road.width,NOT_APPLICABLE,INSUFFICIENT_DATA,SPURIOUS_APPLICABILITY_INSUFFICIENT_DATA
C,dxf_evidence_decision__ungated,PLAN7,plot.depth,NOT_APPLICABLE,INSUFFICIENT_DATA,SPURIOUS_APPLICABILITY_INSUFFICIENT_DATA
C,dxf_evidence_decision__ungated,PLAN7,plot.width,NOT_APPLICABLE,INSUFFICIENT_DATA,SPURIOUS_APPLICABILITY_INSUFFICIENT_DATA
C,dxf_evidence_decision__ungated,PLAN7,setbacks.front,INSUFFICIENT_DATA,INSUFFICIENT_DATA,GT_UNDECIDABLE
C,dxf_evidence_decision__ungated,PLAN7,setbacks.left,INSUFFICIENT_DATA,INSUFFICIENT_DATA,GT_UNDECIDABLE
C,dxf_evidence_decision__ungated,PLAN7,setbacks.rear,INSUFFICIENT_DATA,INSUFFICIENT_DATA,GT_UNDECIDABLE
C,dxf_evidence_decision__ungated,PLAN7,setbacks.right,INSUFFICIENT_DATA,INSUFFICIENT_DATA,GT_UNDECIDABLE
C,dxf_evidence_decision__ungated,PLAN7,coverage,INSUFFICIENT_DATA,INSUFFICIENT_DATA,GT_UNDECIDABLE
C,dxf_evidence_decision__ungated,PLAN7,far,INSUFFICIENT_DATA,INSUFFICIENT_DATA,GT_UNDECIDABLE
C,dxf_evidence_decision__ungated,PLAN8,road.width,NOT_APPLICABLE,INSUFFICIENT_DATA,SPURIOUS_APPLICABILITY_INSUFFICIENT_DATA
C,dxf_evidence_decision__ungated,PLAN8,plot.depth,NOT_APPLICABLE,INSUFFICIENT_DATA,SPURIOUS_APPLICABILITY_INSUFFICIENT_DATA
C,dxf_evidence_decision__ungated,PLAN8,plot.width,NOT_APPLICABLE,INSUFFICIENT_DATA,SPURIOUS_APPLICABILITY_INSUFFICIENT_DATA
C,dxf_evidence_decision__ungated,PLAN8,setbacks.front,INSUFFICIENT_DATA,FAIL,GT_UNDECIDABLE
C,dxf_evidence_decision__ungated,PLAN8,setbacks.left,INSUFFICIENT_DATA,FAIL,GT_UNDECIDABLE
C,dxf_evidence_decision__ungated,PLAN8,setbacks.rear,INSUFFICIENT_DATA,PASS,GT_UNDECIDABLE
C,dxf_evidence_decision__ungated,PLAN8,setbacks.right,INSUFFICIENT_DATA,PASS,GT_UNDECIDABLE
C,dxf_evidence_decision__ungated,PLAN8,coverage,INSUFFICIENT_DATA,PASS,GT_UNDECIDABLE
C,dxf_evidence_decision__ungated,PLAN8,far,INSUFFICIENT_DATA,FAIL,GT_UNDECIDABLE
C,dxf_evidence_decision__ungated,PLAN9,road.width,NOT_APPLICABLE,INSUFFICIENT_DATA,SPURIOUS_APPLICABILITY_INSUFFICIENT_DATA
C,dxf_evidence_decision__ungated,PLAN9,plot.depth,NOT_APPLICABLE,INSUFFICIENT_DATA,SPURIOUS_APPLICABILITY_INSUFFICIENT_DATA
C,dxf_evidence_decision__ungated,PLAN9,plot.width,NOT_APPLICABLE,INSUFFICIENT_DATA,SPURIOUS_APPLICABILITY_INSUFFICIENT_DATA
C,dxf_evidence_decision__ungated,PLAN9,setbacks.front,FAIL,INSUFFICIENT_DATA,ABSTAIN_INSUFFICIENT_DATA
C,dxf_evidence_decision__ungated,PLAN9,setbacks.left,FAIL,INSUFFICIENT_DATA,ABSTAIN_INSUFFICIENT_DATA
C,dxf_evidence_decision__ungated,PLAN9,setbacks.rear,PASS,INSUFFICIENT_DATA,ABSTAIN_INSUFFICIENT_DATA
C,dxf_evidence_decision__ungated,PLAN9,setbacks.right,FAIL,INSUFFICIENT_DATA,ABSTAIN_INSUFFICIENT_DATA
C,dxf_evidence_decision__ungated,PLAN9,coverage,PASS,INSUFFICIENT_DATA,ABSTAIN_INSUFFICIENT_DATA
C,dxf_evidence_decision__ungated,PLAN9,far,INSUFFICIENT_DATA,INSUFFICIENT_DATA,GT_UNDECIDABLE
C,pdf_evidence_decision__ungated,PLAN1,setbacks.front,FAIL,FAIL,CORRECT_DECISION
C,pdf_evidence_decision__ungated,PLAN1,setbacks.left,FAIL,FAIL,CORRECT_DECISION
C,pdf_evidence_decision__ungated,PLAN1,setbacks.rear,FAIL,FAIL,CORRECT_DECISION
C,pdf_evidence_decision__ungated,PLAN1,setbacks.right,FAIL,FAIL,CORRECT_DECISION
C,pdf_evidence_decision__ungated,PLAN1,coverage,FAIL,FAIL,CORRECT_DECISION
C,pdf_evidence_decision__ungated,PLAN1,far,FAIL,FAIL,CORRECT_DECISION
C,pdf_evidence_decision__ungated,PLAN2,setbacks.front,FAIL,FAIL,CORRECT_DECISION
C,pdf_evidence_decision__ungated,PLAN2,setbacks.left,FAIL,FAIL,CORRECT_DECISION
C,pdf_evidence_decision__ungated,PLAN2,setbacks.rear,FAIL,FAIL,CORRECT_DECISION
C,pdf_evidence_decision__ungated,PLAN2,setbacks.right,FAIL,FAIL,CORRECT_DECISION
C,pdf_evidence_decision__ungated,PLAN2,coverage,FAIL,FAIL,CORRECT_DECISION
C,pdf_evidence_decision__ungated,PLAN2,far,FAIL,FAIL,CORRECT_DECISION
C,pdf_evidence_decision__ungated,PLAN4,road.width,FAIL,FAIL,CORRECT_DECISION
C,pdf_evidence_decision__ungated,PLAN4,plot.depth,FAIL,FAIL,CORRECT_DECISION
C,pdf_evidence_decision__ungated,PLAN4,plot.width,FAIL,FAIL,CORRECT_DECISION
C,pdf_evidence_decision__ungated,PLAN4,setbacks.front,FAIL,FAIL,CORRECT_DECISION
C,pdf_evidence_decision__ungated,PLAN4,setbacks.left,PASS,PASS,CORRECT_DECISION
C,pdf_evidence_decision__ungated,PLAN4,setbacks.rear,FAIL,FAIL,CORRECT_DECISION
C,pdf_evidence_decision__ungated,PLAN4,setbacks.right,FAIL,FAIL,CORRECT_DECISION
C,pdf_evidence_decision__ungated,PLAN4,coverage,FAIL,FAIL,CORRECT_DECISION
C,pdf_evidence_decision__ungated,PLAN4,far,INSUFFICIENT_DATA,FAIL,GT_UNDECIDABLE
C,pdf_evidence_decision__ungated,PLAN5,setbacks.front,INSUFFICIENT_DATA,INSUFFICIENT_DATA,GT_UNDECIDABLE
C,pdf_evidence_decision__ungated,PLAN5,setbacks.left,FAIL,FAIL,CORRECT_DECISION
C,pdf_evidence_decision__ungated,PLAN5,setbacks.rear,PASS,PASS,CORRECT_DECISION
C,pdf_evidence_decision__ungated,PLAN5,setbacks.right,FAIL,FAIL,CORRECT_DECISION
C,pdf_evidence_decision__ungated,PLAN5,coverage,PASS,PASS,CORRECT_DECISION
C,pdf_evidence_decision__ungated,PLAN5,far,INSUFFICIENT_DATA,FAIL,GT_UNDECIDABLE
C,pdf_evidence_decision__ungated,PLAN6,setbacks.front,INSUFFICIENT_DATA,INSUFFICIENT_DATA,GT_UNDECIDABLE
C,pdf_evidence_decision__ungated,PLAN6,setbacks.left,INSUFFICIENT_DATA,FAIL,GT_UNDECIDABLE
C,pdf_evidence_decision__ungated,PLAN6,setbacks.rear,INSUFFICIENT_DATA,FAIL,GT_UNDECIDABLE
C,pdf_evidence_decision__ungated,PLAN6,setbacks.right,INSUFFICIENT_DATA,FAIL,GT_UNDECIDABLE
C,pdf_evidence_decision__ungated,PLAN6,coverage,FAIL,FAIL,CORRECT_DECISION
C,pdf_evidence_decision__ungated,PLAN6,far,FAIL,FAIL,CORRECT_DECISION
C,pdf_evidence_decision__ungated,PLAN7,road.width,NOT_APPLICABLE,INSUFFICIENT_DATA,SPURIOUS_APPLICABILITY_INSUFFICIENT_DATA
C,pdf_evidence_decision__ungated,PLAN7,plot.depth,NOT_APPLICABLE,INSUFFICIENT_DATA,SPURIOUS_APPLICABILITY_INSUFFICIENT_DATA
C,pdf_evidence_decision__ungated,PLAN7,plot.width,NOT_APPLICABLE,INSUFFICIENT_DATA,SPURIOUS_APPLICABILITY_INSUFFICIENT_DATA
C,pdf_evidence_decision__ungated,PLAN7,setbacks.front,INSUFFICIENT_DATA,INSUFFICIENT_DATA,GT_UNDECIDABLE
C,pdf_evidence_decision__ungated,PLAN7,setbacks.left,INSUFFICIENT_DATA,INSUFFICIENT_DATA,GT_UNDECIDABLE
C,pdf_evidence_decision__ungated,PLAN7,setbacks.rear,INSUFFICIENT_DATA,INSUFFICIENT_DATA,GT_UNDECIDABLE
C,pdf_evidence_decision__ungated,PLAN7,setbacks.right,INSUFFICIENT_DATA,INSUFFICIENT_DATA,GT_UNDECIDABLE
C,pdf_evidence_decision__ungated,PLAN7,coverage,INSUFFICIENT_DATA,INSUFFICIENT_DATA,GT_UNDECIDABLE
C,pdf_evidence_decision__ungated,PLAN7,far,INSUFFICIENT_DATA,INSUFFICIENT_DATA,GT_UNDECIDABLE
C,pdf_evidence_decision__ungated,PLAN8,setbacks.front,INSUFFICIENT_DATA,FAIL,GT_UNDECIDABLE
C,pdf_evidence_decision__ungated,PLAN8,setbacks.left,INSUFFICIENT_DATA,PASS,GT_UNDECIDABLE
C,pdf_evidence_decision__ungated,PLAN8,setbacks.rear,INSUFFICIENT_DATA,PASS,GT_UNDECIDABLE
C,pdf_evidence_decision__ungated,PLAN8,setbacks.right,INSUFFICIENT_DATA,FAIL,GT_UNDECIDABLE
C,pdf_evidence_decision__ungated,PLAN8,coverage,INSUFFICIENT_DATA,PASS,GT_UNDECIDABLE
C,pdf_evidence_decision__ungated,PLAN8,far,INSUFFICIENT_DATA,FAIL,GT_UNDECIDABLE
C,pdf_evidence_decision__ungated,PLAN9,road.width,NOT_APPLICABLE,INSUFFICIENT_DATA,SPURIOUS_APPLICABILITY_INSUFFICIENT_DATA
C,pdf_evidence_decision__ungated,PLAN9,plot.depth,NOT_APPLICABLE,INSUFFICIENT_DATA,SPURIOUS_APPLICABILITY_INSUFFICIENT_DATA
C,pdf_evidence_decision__ungated,PLAN9,plot.width,NOT_APPLICABLE,INSUFFICIENT_DATA,SPURIOUS_APPLICABILITY_INSUFFICIENT_DATA
C,pdf_evidence_decision__ungated,PLAN9,setbacks.front,FAIL,FAIL,CORRECT_DECISION
C,pdf_evidence_decision__ungated,PLAN9,setbacks.left,FAIL,FAIL,CORRECT_DECISION
C,pdf_evidence_decision__ungated,PLAN9,setbacks.rear,PASS,FAIL,FALSE_FAIL
C,pdf_evidence_decision__ungated,PLAN9,setbacks.right,FAIL,FAIL,CORRECT_DECISION
C,pdf_evidence_decision__ungated,PLAN9,coverage,PASS,PASS,CORRECT_DECISION
C,pdf_evidence_decision__ungated,PLAN9,far,INSUFFICIENT_DATA,PASS,GT_UNDECIDABLE
C,pdf_dxf_reconciled__flag_as_conflict,PLAN1,setbacks.front,FAIL,INSUFFICIENT_DATA,ABSTAIN_INSUFFICIENT_DATA
C,pdf_dxf_reconciled__flag_as_conflict,PLAN1,setbacks.left,FAIL,CONFLICTING_EVIDENCE,ABSTAIN_CONFLICTING_EVIDENCE
C,pdf_dxf_reconciled__flag_as_conflict,PLAN1,setbacks.rear,FAIL,INSUFFICIENT_DATA,ABSTAIN_INSUFFICIENT_DATA
C,pdf_dxf_reconciled__flag_as_conflict,PLAN1,setbacks.right,FAIL,CONFLICTING_EVIDENCE,ABSTAIN_CONFLICTING_EVIDENCE
C,pdf_dxf_reconciled__flag_as_conflict,PLAN1,coverage,FAIL,INSUFFICIENT_DATA,ABSTAIN_INSUFFICIENT_DATA
C,pdf_dxf_reconciled__flag_as_conflict,PLAN1,far,FAIL,INSUFFICIENT_DATA,ABSTAIN_INSUFFICIENT_DATA
C,pdf_dxf_reconciled__flag_as_conflict,PLAN2,setbacks.front,FAIL,INSUFFICIENT_DATA,ABSTAIN_INSUFFICIENT_DATA
C,pdf_dxf_reconciled__flag_as_conflict,PLAN2,setbacks.left,FAIL,INSUFFICIENT_DATA,ABSTAIN_INSUFFICIENT_DATA
C,pdf_dxf_reconciled__flag_as_conflict,PLAN2,setbacks.rear,FAIL,INSUFFICIENT_DATA,ABSTAIN_INSUFFICIENT_DATA
C,pdf_dxf_reconciled__flag_as_conflict,PLAN2,setbacks.right,FAIL,INSUFFICIENT_DATA,ABSTAIN_INSUFFICIENT_DATA
C,pdf_dxf_reconciled__flag_as_conflict,PLAN2,coverage,FAIL,INSUFFICIENT_DATA,ABSTAIN_INSUFFICIENT_DATA
C,pdf_dxf_reconciled__flag_as_conflict,PLAN2,far,FAIL,INSUFFICIENT_DATA,ABSTAIN_INSUFFICIENT_DATA
C,pdf_dxf_reconciled__flag_as_conflict,PLAN4,road.width,FAIL,FAIL,CORRECT_DECISION
C,pdf_dxf_reconciled__flag_as_conflict,PLAN4,plot.depth,FAIL,CONFLICTING_EVIDENCE,ABSTAIN_CONFLICTING_EVIDENCE
C,pdf_dxf_reconciled__flag_as_conflict,PLAN4,plot.width,FAIL,CONFLICTING_EVIDENCE,ABSTAIN_CONFLICTING_EVIDENCE
C,pdf_dxf_reconciled__flag_as_conflict,PLAN4,setbacks.front,FAIL,INSUFFICIENT_DATA,ABSTAIN_INSUFFICIENT_DATA
C,pdf_dxf_reconciled__flag_as_conflict,PLAN4,setbacks.left,PASS,INSUFFICIENT_DATA,ABSTAIN_INSUFFICIENT_DATA
C,pdf_dxf_reconciled__flag_as_conflict,PLAN4,setbacks.rear,FAIL,INSUFFICIENT_DATA,ABSTAIN_INSUFFICIENT_DATA
C,pdf_dxf_reconciled__flag_as_conflict,PLAN4,setbacks.right,FAIL,INSUFFICIENT_DATA,ABSTAIN_INSUFFICIENT_DATA
C,pdf_dxf_reconciled__flag_as_conflict,PLAN4,coverage,FAIL,FAIL,CORRECT_DECISION
C,pdf_dxf_reconciled__flag_as_conflict,PLAN4,far,INSUFFICIENT_DATA,REQUIRES_REVIEW,GT_UNDECIDABLE
C,pdf_dxf_reconciled__flag_as_conflict,PLAN5,setbacks.front,INSUFFICIENT_DATA,INSUFFICIENT_DATA,GT_UNDECIDABLE
C,pdf_dxf_reconciled__flag_as_conflict,PLAN5,setbacks.left,FAIL,INSUFFICIENT_DATA,ABSTAIN_INSUFFICIENT_DATA
C,pdf_dxf_reconciled__flag_as_conflict,PLAN5,setbacks.rear,PASS,INSUFFICIENT_DATA,ABSTAIN_INSUFFICIENT_DATA
C,pdf_dxf_reconciled__flag_as_conflict,PLAN5,setbacks.right,FAIL,INSUFFICIENT_DATA,ABSTAIN_INSUFFICIENT_DATA
C,pdf_dxf_reconciled__flag_as_conflict,PLAN5,coverage,PASS,INSUFFICIENT_DATA,ABSTAIN_INSUFFICIENT_DATA
C,pdf_dxf_reconciled__flag_as_conflict,PLAN5,far,INSUFFICIENT_DATA,INSUFFICIENT_DATA,GT_UNDECIDABLE
C,pdf_dxf_reconciled__flag_as_conflict,PLAN6,setbacks.front,INSUFFICIENT_DATA,INSUFFICIENT_DATA,GT_UNDECIDABLE
C,pdf_dxf_reconciled__flag_as_conflict,PLAN6,setbacks.left,INSUFFICIENT_DATA,INSUFFICIENT_DATA,GT_UNDECIDABLE
C,pdf_dxf_reconciled__flag_as_conflict,PLAN6,setbacks.rear,INSUFFICIENT_DATA,INSUFFICIENT_DATA,GT_UNDECIDABLE
C,pdf_dxf_reconciled__flag_as_conflict,PLAN6,setbacks.right,INSUFFICIENT_DATA,INSUFFICIENT_DATA,GT_UNDECIDABLE
C,pdf_dxf_reconciled__flag_as_conflict,PLAN6,coverage,FAIL,INSUFFICIENT_DATA,ABSTAIN_INSUFFICIENT_DATA
C,pdf_dxf_reconciled__flag_as_conflict,PLAN6,far,FAIL,INSUFFICIENT_DATA,ABSTAIN_INSUFFICIENT_DATA
C,pdf_dxf_reconciled__flag_as_conflict,PLAN7,road.width,NOT_APPLICABLE,INSUFFICIENT_DATA,SPURIOUS_APPLICABILITY_INSUFFICIENT_DATA
C,pdf_dxf_reconciled__flag_as_conflict,PLAN7,plot.depth,NOT_APPLICABLE,INSUFFICIENT_DATA,SPURIOUS_APPLICABILITY_INSUFFICIENT_DATA
C,pdf_dxf_reconciled__flag_as_conflict,PLAN7,plot.width,NOT_APPLICABLE,INSUFFICIENT_DATA,SPURIOUS_APPLICABILITY_INSUFFICIENT_DATA
C,pdf_dxf_reconciled__flag_as_conflict,PLAN7,setbacks.front,INSUFFICIENT_DATA,INSUFFICIENT_DATA,GT_UNDECIDABLE
C,pdf_dxf_reconciled__flag_as_conflict,PLAN7,setbacks.left,INSUFFICIENT_DATA,INSUFFICIENT_DATA,GT_UNDECIDABLE
C,pdf_dxf_reconciled__flag_as_conflict,PLAN7,setbacks.rear,INSUFFICIENT_DATA,NOT_APPLICABLE,GT_UNDECIDABLE
C,pdf_dxf_reconciled__flag_as_conflict,PLAN7,setbacks.right,INSUFFICIENT_DATA,INSUFFICIENT_DATA,GT_UNDECIDABLE
C,pdf_dxf_reconciled__flag_as_conflict,PLAN7,coverage,INSUFFICIENT_DATA,REQUIRES_REVIEW,GT_UNDECIDABLE
C,pdf_dxf_reconciled__flag_as_conflict,PLAN7,far,INSUFFICIENT_DATA,REQUIRES_REVIEW,GT_UNDECIDABLE
C,pdf_dxf_reconciled__flag_as_conflict,PLAN8,setbacks.front,INSUFFICIENT_DATA,INSUFFICIENT_DATA,GT_UNDECIDABLE
C,pdf_dxf_reconciled__flag_as_conflict,PLAN8,setbacks.left,INSUFFICIENT_DATA,INSUFFICIENT_DATA,GT_UNDECIDABLE
C,pdf_dxf_reconciled__flag_as_conflict,PLAN8,setbacks.rear,INSUFFICIENT_DATA,INSUFFICIENT_DATA,GT_UNDECIDABLE
C,pdf_dxf_reconciled__flag_as_conflict,PLAN8,setbacks.right,INSUFFICIENT_DATA,INSUFFICIENT_DATA,GT_UNDECIDABLE
C,pdf_dxf_reconciled__flag_as_conflict,PLAN8,coverage,INSUFFICIENT_DATA,INSUFFICIENT_DATA,GT_UNDECIDABLE
C,pdf_dxf_reconciled__flag_as_conflict,PLAN8,far,INSUFFICIENT_DATA,INSUFFICIENT_DATA,GT_UNDECIDABLE
C,pdf_dxf_reconciled__flag_as_conflict,PLAN9,road.width,NOT_APPLICABLE,INSUFFICIENT_DATA,SPURIOUS_APPLICABILITY_INSUFFICIENT_DATA
C,pdf_dxf_reconciled__flag_as_conflict,PLAN9,plot.depth,NOT_APPLICABLE,INSUFFICIENT_DATA,SPURIOUS_APPLICABILITY_INSUFFICIENT_DATA
C,pdf_dxf_reconciled__flag_as_conflict,PLAN9,plot.width,NOT_APPLICABLE,INSUFFICIENT_DATA,SPURIOUS_APPLICABILITY_INSUFFICIENT_DATA
C,pdf_dxf_reconciled__flag_as_conflict,PLAN9,setbacks.front,FAIL,CONFLICTING_EVIDENCE,ABSTAIN_CONFLICTING_EVIDENCE
C,pdf_dxf_reconciled__flag_as_conflict,PLAN9,setbacks.left,FAIL,INSUFFICIENT_DATA,ABSTAIN_INSUFFICIENT_DATA
C,pdf_dxf_reconciled__flag_as_conflict,PLAN9,setbacks.rear,PASS,CONFLICTING_EVIDENCE,ABSTAIN_CONFLICTING_EVIDENCE
C,pdf_dxf_reconciled__flag_as_conflict,PLAN9,setbacks.right,FAIL,INSUFFICIENT_DATA,ABSTAIN_INSUFFICIENT_DATA
C,pdf_dxf_reconciled__flag_as_conflict,PLAN9,coverage,PASS,INSUFFICIENT_DATA,ABSTAIN_INSUFFICIENT_DATA
C,pdf_dxf_reconciled__flag_as_conflict,PLAN9,far,INSUFFICIENT_DATA,INSUFFICIENT_DATA,GT_UNDECIDABLE
